"Дата", "Максимальная температура", "Минимальная температура", "Средняя температура", "Атмосферное давление гПа", "Скорость ветра м/с", "Осадки мм", "Эффективная температура"
01.01.2015, -1.1, -9.8, -4.3, 986.9, 4, 1, -8.9
02.01.2015, 0.9, -2.7, 0.3, 978.0, 4, , -3.8
03.01.2015, 2.2, 0.5, 1.4, 966.1, 6, 3, -4
04.01.2015, 0.9, -1.0, 0.1, 962.6, 6, 1, -5.4
05.01.2015, -1.7, -11.9, -6.4, 972.2, 3, 3, -10.7
06.01.2015, -15.2, -20.4, -17.8, 991.2, 3, 1, -22.9
07.01.2015, -17.9, -22.6, -20.1, 1004.3, 2, 0, -24.7
08.01.2015, -10.5, -20.8, -14.6, 1000.9, 4, , -20.2
09.01.2015, -7.5, -11.5, -9.9, 977.4, 4, 4, -15.1
10.01.2015, 0.2, -11.7, -1.2, 968.6, 3, 2, -4.9
11.01.2015, 0.7, -3.8, -0.8, 962.0, 4, 5, -5.1
12.01.2015, 0.6, -3.4, -0.6, 968.7, 4, 1, -5
13.01.2015, 2.7, -4.4, -0.4, 978.8, 5, 1, -5.4
14.01.2015, 2.7, 0.6, 2.1, 983.8, 4, 0, -1.9
15.01.2015, 2.0, 0.4, 1.3, 988.3, 2, 1, -1.5
16.01.2015, 1.2, -1.7, -0.3, 997.0, 2, 0, -3.4
17.01.2015, -1.0, -2.5, -1.4, 995.1, 4, 0, -5.8
18.01.2015, 0.2, -1.6, -0.3, 992.2, 3, 1, -3.8
19.01.2015, 0.5, -6.7, -1.9, 994.8, 1, 0, -4.4
20.01.2015, -0.5, -8.7, -3.4, 1001.6, 1, 0, -6.1
21.01.2015, -4.5, -11.5, -7.1, 1006.9, 1, 0, -10.1
22.01.2015, -7.0, -13.8, -10.5, 1006.5, 1, 0, -13.8
23.01.2015, -2.5, -10.0, -6.0, 1005.4, 3, 0, -10.2
24.01.2015, -2.5, -6.2, -3.8, 1002.8, 4, 4, -8.5
25.01.2015, -7.7, -13.7, -11.5, 1006.0, 3, 0, -16.2
26.01.2015, -8.2, -13.1, -9.8, 1000.1, 3, 0, -14.4
27.01.2015, -6.7, -9.0, -7.4, 994.7, 2, 4, -11.1
28.01.2015, -3.5, -7.6, -5.1, 989.4, 1, 1, -7.9
29.01.2015, -1.9, -6.1, -4.1, 984.9, 3, 0, -8.1
30.01.2015, -1.5, -4.0, -3.0, 982.7, 4, 0, -7.5
31.01.2015, 2.4, -4.0, 0.7, 976.2, 5, 4, -4.1
01.02.2015, 2.7, -0.5, 1.4, 973.1, 4, 4, -2.7
02.02.2015, 0.7, -5.9, -1.9, 972.0, 3, 2, -5.7
03.02.2015, -2.4, -6.9, -3.1, 976.2, 3, 5, -7
04.02.2015, -2.9, -5.4, -4.0, 983.8, 2, 0, -7.4
05.02.2015, -4.4, -6.3, -5.6, 994.1, 2, 1, -9.2
06.02.2015, -6.9, -11.0, -8.8, 995.0, 2, 0, -12.6
07.02.2015, -3.0, -11.1, -6.5, 979.0, 3, 1, -10.8
08.02.2015, -0.9, -8.7, -2.0, 965.0, 4, 1, -6.5
09.02.2015, -2.2, -9.1, -6.2, 974.9, 3, 0, -10.5
10.02.2015, -4.8, -15.6, -11.0, 992.7, 1, 0, -14.4
11.02.2015, -2.2, -13.1, -6.3, 996.8, 3, 0, -10.6
12.02.2015, -1.9, -5.7, -2.8, 998.5, 3, 0, -6.6
13.02.2015, -1.2, -3.9, -1.7, 999.6, 2, 0, -4.9
14.02.2015, -2.1, -3.8, -3.4, 999.6, 3, 0, -7.4
15.02.2015, -1.5, -6.4, -4.3, 995.8, 4, 1, -9
16.02.2015, -5.2, -11.3, -7.8, 1010.3, 4, 0, -13
17.02.2015, -3.2, -13.9, -8.2, 1013.4, 2, 0, -12.3
18.02.2015, 0.2, -15.8, -4.9, 1000.6, 3, 0, -9.3
19.02.2015, -0.2, -6.6, -3.0, 992.7, 2, , -6.3
20.02.2015, 1.0, -6.6, -0.3, 989.5, 4, 0, -4.6
21.02.2015, 5.4, -0.3, 1.9, 989.1, 3, 0, -1.5
22.02.2015, 1.4, -0.2, 0.6, 992.2, 4, 0, -3.8
23.02.2015, 2.9, -0.4, 1.3, 994.7, 3, 0, -2.2
24.02.2015, 2.2, -2.1, 0.2, 996.6, 3, 0, -3.5
25.02.2015, 3.4, -4.2, -0.8, 1000.1, 3, 0, -4.7
26.02.2015, 1.7, -2.8, -0.8, 1001.7, 3, 0, -4.6
27.02.2015, 1.2, -1.6, 0.0, 998.3, 3, 0, -3.5
28.02.2015, 1.5, 0.2, 1.0, 994.9, 2, 7, -1.7
01.03.2015, 0.0, -2.5, -1.0, 994.7, 2, 1, -4
02.03.2015, 0.4, -2.6, -1.1, 991.8, 3, 0, -4.8
03.03.2015, 0.2, -1.4, -0.4, 991.1, 3, 1, -4
04.03.2015, 0.9, -0.7, -0.1, 991.5, 2, 2, -3
05.03.2015, 1.9, -0.8, 0.3, 995.9, 1, 4, -2
06.03.2015, 3.0, -2.6, -0.1, 1000.8, 1, 0, -2.6
07.03.2015, 2.6, -3.5, -0.4, 1004.0, 1, 0, -2.9
08.03.2015, 4.3, -3.6, 0.8, 1001.3, 3, 0, -2.7
09.03.2015, 9.2, 2.2, 6.3, 996.6, 3, 0, 3.2
10.03.2015, 10.5, 3.6, 6.3, 1000.9, 1, 0, 4.5
11.03.2015, 11.1, 1.0, 5.6, 997.1, 1, 0, 3.8
12.03.2015, 5.8, -1.6, 2.3, 1000.2, 4, 0, -1.7
13.03.2015, 4.0, 0.8, 2.3, 1010.0, 5, 0, -2.5
14.03.2015, 5.2, -1.7, 1.1, 1016.5, 2, 0, -2.1
15.03.2015, 9.5, -3.4, 2.8, 1019.0, 2, 0, -0.4
16.03.2015, 9.0, -1.3, 3.4, 1022.6, 3, 0, -0.5
17.03.2015, 9.6, -4.8, 2.6, 1020.5, 2, 0, -0.6
18.03.2015, 9.8, -5.1, 2.2, 1013.7, , 0, 
19.03.2015, 10.8, -4.1, 3.1, 1005.7, 1, 0, 0.7
20.03.2015, 9.7, -2.0, 3.7, 993.7, 2, 0, 0.6
21.03.2015, 6.6, -1.6, 2.4, 983.7, 3, 0, -1.2
22.03.2015, 0.3, -6.0, -2.6, 985.7, 3, 2, -6.6
23.03.2015, -0.1, -10.5, -4.2, 994.3, 2, 0, -7.9
24.03.2015, 8.4, -3.1, 2.4, 985.8, 6, 1, -3.4
25.03.2015, 12.7, 0.5, 6.4, 991.3, 2, 0, 3.5
26.03.2015, 6.8, -0.1, 3.0, 998.9, 3, 0, -0.5
27.03.2015, 2.9, -1.9, -0.3, 1004.7, 4, 0, -4.7
28.03.2015, 3.7, -3.8, -0.6, 1007.2, 5, 0, -6
29.03.2015, 2.1, -3.3, -1.2, 999.8, 6, 0, -7.3
30.03.2015, -0.3, -2.7, -1.6, 990.4, 6, 1, -7.6
31.03.2015, 3.1, -2.8, 0.6, 985.4, 5, 3, -4.5
01.04.2015, 1.4, -1.2, -0.1, 978.6, 5, 3, -5
02.04.2015, 5.6, -0.2, 2.8, 978.5, 3, 2, -0.5
03.04.2015, 2.1, -0.1, 0.4, 979.0, 2, 6, -2.4
04.04.2015, 5.6, -0.6, 2.2, 984.7, 3, 0, -1.2
05.04.2015, 1.2, 0.0, 0.7, 987.7, 2, 4, -2.1
06.04.2015, 5.0, -0.8, 1.6, 992.7, 2, 2, -1.2
07.04.2015, 7.1, -1.7, 2.4, 994.6, 2, 0, -0.5
08.04.2015, 11.1, -3.7, 4.6, 986.3, 1, 0, 2.4
09.04.2015, 7.3, 0.5, 3.3, 983.7, 4, 1, -0.9
02.05.2015, 18.4, 10.4, 14.9, 986.4, 3, 2, 13.2
04.05.2015, 13.0, 7.2, 9.3, 987.3, 3, 15, 6.7
16.05.2015, 10.3, 6.8, 8.0, 974.8, 5, 22, 4.1
17.05.2015, 10.3, 5.0, 7.6, 977.1, 4, 7, 4.4
12.07.2015, 18.2, 11.2, 13.5, 975.2, 3, 14, 12
18.07.2015, 20.1, 12.6, 15.9, 987.1, 2, 10, 15.3
29.07.2015, 25.1, 15.8, 17.5, 983.8, 2, 14, 17.5
01.08.2015, 21.3, 12.5, 15.8, 991.2, 2, 10, 15.1
02.09.2015, 14.8, 11.5, 12.5, 987.4, 1, 6, 12.2
23.10.2015, 1.9, -0.3, 0.8, 989.2, 1, 2, -1.3
15.11.2015, -1.7, -2.4, -2.0, 974.8, 3, 16, -5.8
16.11.2015, -1.4, -1.8, -1.8, 985.2, 3, 0, -5.5
17.11.2015, -1.5, -3.8, -2.3, 993.0, 2, 0, -5.4
18.11.2015, 0.3, -4.2, -2.0, 988.8, 4, 4, -6.4
19.11.2015, 2.0, -0.9, 1.3, 980.0, 3, 4, -2
20.11.2015, 5.8, 1.6, 4.3, 973.1, 2, 5, 2
21.11.2015, 6.2, 2.9, 4.3, 970.4, 3, 0, 1.3
22.11.2015, 2.9, 1.0, 1.9, 975.7, 2, 11, -0.7
23.11.2015, 1.6, -2.3, 0.0, 988.1, 1, 3, -2.2
24.11.2015, 2.2, -2.3, -0.3, 997.3, 2, 0, -3.3
25.11.2015, -0.5, -6.9, -2.8, 995.4, 1, 1, -5.3
26.11.2015, -2.2, -7.5, -5.0, 994.0, 1, 0, -7.8
27.11.2015, -3.1, -10.6, -6.5, 996.7, 3, 0, -10.7
28.11.2015, -2.9, -9.4, -5.7, 995.8, 2, 0, -9.2
29.11.2015, -0.9, -10.7, -5.6, 989.9, 2, 0, -9.2
30.11.2015, 0.6, -4.0, -1.1, 976.8, 2, 3, -4.1
01.12.2015, 1.1, -1.3, 0.6, 975.7, 3, 2, -2.8
02.12.2015, 0.4, -1.7, -0.7, 983.0, 2, 0, -3.6
03.12.2015, 0.4, -2.6, -0.7, 996.7, 3, 1, -4.3
04.12.2015, 0.3, -3.6, -0.7, 1002.2, 3, 0, -4.3
05.12.2015, 3.8, -0.2, 2.3, 989.7, 4, 1, -1.6
06.12.2015, 5.3, 2.7, 3.6, 984.1, 4, 1, -0.2
07.12.2015, 8.5, 2.8, 5.7, 980.0, 6, 0, 0.6
08.12.2015, 3.9, 1.0, 2.5, 996.0, 5, 1, -2.4
09.12.2015, 1.5, -3.2, -0.9, 1005.9, 3, 0, -4.7
10.12.2015, -0.6, -4.1, -2.4, 1001.4, 4, 0, -6.9
11.12.2015, 0.3, -3.3, -1.8, 999.4, 4, 0, -6.2
12.12.2015, -0.1, -3.7, -1.8, 986.3, 4, 2, -6.2
13.12.2015, 1.1, -1.5, 0.1, 984.9, 2, 3, -2.8
14.12.2015, 0.0, -1.8, -0.9, 990.4, 1, 0, -3.2
15.12.2015, 0.5, -5.3, -2.3, 995.2, 2, 1, -5.5
16.12.2015, -1.1, -6.0, -2.9, 995.0, 3, 1, -6.8
17.12.2015, -0.2, -11.4, -5.2, 994.3, 2, 3, -8.7
18.12.2015, -2.2, -11.6, -3.5, 991.7, 1, 1, -6.1
19.12.2015, 4.5, -2.7, 2.0, 984.2, 3, 5, -1.2
20.12.2015, 6.2, 3.1, 4.3, 987.5, 3, 3, 1.3
21.12.2015, 8.9, 3.1, 7.8, 985.6, 3, 3, 5.4
22.12.2015, 5.2, 3.0, 4.4, 979.4, 2, 14, 2.2
23.12.2015, 7.2, 2.2, 4.5, 982.7, 4, 2, 0.9
24.12.2015, 8.7, 3.7, 5.7, 983.3, 5, 6, 1.5
25.12.2015, 3.4, -0.4, 1.8, 993.5, 3, 1, -1.6
26.12.2015, 2.7, -0.8, 1.8, 983.6, 4, 2, -2.3
27.12.2015, 0.9, -4.6, -2.5, 986.6, 5, 0, -7.9
28.12.2015, -4.1, -9.1, -6.9, 1000.4, 2, 0, -10.7
29.12.2015, -5.8, -11.7, -8.9, 1008.5, 2, 0, -12.8
30.12.2015, -5.9, -9.8, -7.4, 1010.2, 2, 0, -11.1
01.01.2016, -14.9, -16.6, -15.6, 1008.8, 3, 1, -20.6
02.01.2016, -16.6, -19.3, -17.9, 1008.9, 3, 0, -23
03.01.2016, -13.4, -20.4, -16.5, 996.2, 2, 0, -20.9
04.01.2016, -13.4, -16.7, -15.2, 984.1, 2, 6, -19.5
05.01.2016, -13.5, -18.5, -16.5, 988.9, 2, 1, -20.9
06.01.2016, -12.2, -18.9, -13.9, 989.9, 2, 1, -18.1
07.01.2016, -9.0, -15.2, -10.4, 986.4, 1, 1, -13.7
08.01.2016, -7.4, -10.0, -8.0, 982.9, 3, 5, -12.3
09.01.2016, -8.5, -12.1, -10.5, 978.6, 2, 10, -14.4
10.01.2016, -13.2, -19.7, -15.7, 985.2, 3, 1, -20.7
11.01.2016, -14.3, -23.4, -19.1, 992.7, 1, 0, -23
12.01.2016, -1.9, -20.0, -9.8, 977.6, 5, 5, -15.7
13.01.2016, 0.9, -7.9, -2.4, 968.1, 5, 5, -7.6
14.01.2016, -2.1, -10.8, -4.5, 978.8, 4, 2, -9.3
15.01.2016, -5.1, -11.7, -7.8, 988.7, 2, 0, -11.5
16.01.2016, -4.1, -11.2, -6.9, 990.2, 4, 0, -11.9
17.01.2016, -2.2, -10.0, -5.9, 984.0, 3, 7, -10.1
18.01.2016, -8.5, -11.6, -9.9, 988.7, 2, 0, -13.8
19.01.2016, -7.2, -9.5, -7.8, 979.0, 3, 17, -12.2
20.01.2016, -6.8, -11.0, -8.6, 984.4, 3, 3, -13.1
21.01.2016, -7.5, -15.5, -12.4, 995.0, 2, 0, -16.5
22.01.2016, -8.9, -15.2, -11.9, 994.5, 2, 4, -15.9
23.01.2016, -12.5, -17.6, -15.2, 999.5, 1, 1, -18.8
24.01.2016, -15.0, -22.9, -19.5, 1002.1, 1, 1, -23.4
25.01.2016, -11.0, -25.7, -15.6, 997.7, 2, 0, -19.9
26.01.2016, -9.7, -13.7, -11.1, 997.5, 2, 0, -15.1
27.01.2016, -3.1, -10.6, -5.8, 986.5, 3, 2, -10
28.01.2016, 1.9, -4.4, 0.2, 980.2, 3, 3, -3.3
29.01.2016, 3.3, 0.3, 2.1, 979.5, 5, 6, -2.8
30.01.2016, 2.1, 0.0, 1.3, 986.1, 4, 0, -2.8
31.01.2016, 3.2, 0.3, 1.4, 977.1, 4, 0, -2.7
01.02.2016, 1.2, -1.1, 0.2, 977.7, 3, 7, -3.3
02.02.2016, 2.0, -2.5, -0.2, 980.4, 4, 1, -4.4
03.02.2016, 2.9, -0.1, 2.4, 973.3, 4, 0, -1.6
04.02.2016, 3.4, -1.3, 1.5, 978.4, 4, 0, -2.7
05.02.2016, 1.4, -3.4, -1.0, 984.8, 3, 1, -4.8
06.02.2016, 0.5, -3.2, -1.6, 992.1, 3, 1, -5.5
07.02.2016, -0.1, -7.5, -2.7, 998.9, 3, 0, -6.8
08.02.2016, 0.7, -6.1, -2.9, 997.3, 4, 0, -7.6
09.02.2016, 0.3, -4.4, -2.2, 993.5, 5, 0, -7.5
10.02.2016, 1.9, -3.8, 1.0, 993.4, 5, 1, -3.9
11.02.2016, 0.5, -2.3, -0.7, 992.9, 5, 0, -5.8
12.02.2016, 1.3, -1.1, -0.1, 990.2, 4, 4, -4.3
13.02.2016, 0.7, -0.7, 0.1, 995.4, 3, 0, -3.4
14.02.2016, 1.3, -4.0, -1.4, 986.3, 3, 3, -5.1
15.02.2016, 3.4, 0.5, 2.1, 988.4, 3, 2, -1.2
16.02.2016, 3.6, 0.0, 1.8, 988.7, 4, 9, -2.2
17.02.2016, -0.5, -4.4, -2.9, 1004.0, 5, 0, -8.3
18.02.2016, 0.7, -8.4, -4.9, 1008.8, 2, 0, -8.5
19.02.2016, -3.2, -8.0, -5.2, 1006.9, 2, 0, -8.7
20.02.2016, -2.1, -10.5, -5.7, 1004.0, 1, 0, -8.6
21.02.2016, -3.8, -9.9, -6.0, 990.4, 2, 0, -9.6
22.02.2016, 3.0, -6.8, -1.8, 975.0, 5, 4, -6.9
23.02.2016, 3.7, -1.2, 1.9, 979.7, 3, 0, -1.5
24.02.2016, 3.0, -0.7, 0.2, 982.6, , 0, 
25.02.2016, 1.9, -1.5, -0.3, 981.6, 3, 6, -3.9
26.02.2016, 3.4, -2.7, 0.1, 989.9, 3, 0, -3.6
27.02.2016, 3.2, -4.6, -0.3, 991.6, 3, 6, -3.9
28.02.2016, 3.1, -8.9, -2.7, 1002.9, 2, 0, -6
29.02.2016, 0.9, -4.3, -0.9, 1001.6, 2, 4, -3.9
01.03.2016, -1.5, -9.7, -4.2, 1000.9, 2, 3, -7.5
02.03.2016, 3.3, -3.1, 2.2, 981.9, 4, 20, -1.7
03.03.2016, 1.5, -0.8, 0.0, 985.8, 2, 1, -3
04.03.2016, 1.3, -1.7, 0.2, 985.1, 3, 9, -3.3
05.03.2016, 1.4, 0.5, 1.0, 982.9, 2, 3, -1.7
06.03.2016, 3.0, 0.6, 1.4, 989.0, 1, 0, -0.6
07.03.2016, 0.5, -0.7, -0.1, 995.9, 3, 0, -3.6
08.03.2016, 3.6, -0.4, 2.2, 999.6, 3, 0, -1.1
09.03.2016, 7.0, 1.5, 3.2, 999.9, 2, 0, 0.7
10.03.2016, 7.7, -1.7, 2.4, 1001.2, 2, 0, -0.4
11.03.2016, 8.0, -2.5, 1.8, 1000.7, 1, 0, -0.5
12.03.2016, 6.2, -3.0, 1.3, 998.8, 1, 3, -0.8
13.03.2016, 3.1, -2.7, -0.1, 998.1, 3, 7, -3.9
14.03.2016, 0.5, -7.1, -2.0, 996.4, 2, 0, -5.4
15.03.2016, 1.7, -10.4, -3.7, 999.4, 2, 0, -7.3
16.03.2016, 2.4, -6.7, -0.9, 990.5, 3, 0, -4.7
17.03.2016, 4.1, -0.7, 1.9, 980.5, 3, 0, -1.6
18.03.2016, 2.6, -8.8, -2.0, 968.2, 4, 4, -6.5
19.03.2016, -2.9, -11.7, -7.3, 974.9, 3, 1, -11.7
20.03.2016, -2.3, -11.2, -7.3, 979.2, 2, 0, -11.1
21.03.2016, -1.4, -13.3, -6.7, 982.6, 2, 1, -10.4
22.03.2016, 1.9, -7.4, -2.4, 978.8, 2, 9, -5.5
23.03.2016, -0.1, -5.6, -3.2, 985.3, 3, 4, -7.3
24.03.2016, -1.7, -7.2, -4.0, 986.8, 3, 1, -8.1
25.03.2016, -0.9, -4.5, -2.4, 984.2, 3, 4, -6.3
26.03.2016, 3.8, -2.1, 1.1, 987.8, 3, 0, -2.6
27.03.2016, 6.3, -2.8, 1.6, 991.7, 2, 0, -1.8
28.03.2016, 7.3, -3.7, 1.7, 991.4, 2, 0, -1.7
29.03.2016, 5.5, -6.7, 0.1, 990.3, 2, 1, -2.9
30.03.2016, 6.3, 1.1, 3.2, 992.1, 3, 1, -0.1
31.03.2016, 6.3, 2.8, 4.1, 987.2, 3, 6, 1
01.04.2016, 6.0, 1.8, 3.3, 981.8, 3, 0, 0
02.04.2016, 3.5, 0.4, 1.6, 978.3, 4, 3, -2.5
03.04.2016, 7.5, 1.2, 3.8, 984.8, 5, 0, -1
04.04.2016, 9.4, -0.4, 4.3, 985.6, 4, 0, 0.1
05.04.2016, 9.7, -2.4, 3.6, 989.3, 3, 0, -0.2
06.04.2016, 12.5, -4.5, 5.3, 988.7, 1, 0, 2.9
07.04.2016, 9.7, 5.3, 7.1, 987.1, 1, 2, 5.6
16.04.2016, 6.1, 1.8, 4.0, 983.3, 3, 20, 1
27.04.2016, 14.5, 10.7, 12.4, 988.1, 2, 2, 11.4
17.05.2016, 14.7, 10.1, 12.4, 988.4, 2, 0, 11.3
18.05.2016, 14.9, 11.2, 12.6, 987.1, 3, 2, 11.1
19.05.2016, 14.7, 11.6, 12.9, 986.8, 2, 20, 12.1
20.05.2016, 15.8, 10.2, 11.9, 980.9, 3, 12, 9.9
05.06.2016, 19.4, 12.6, 14.4, 981.9, 1, 3, 14
07.06.2016, 10.0, 5.9, 7.7, 988.0, , 2, 
11.06.2016, 16.0, 11.7, 12.8, 983.6, 3, 7, 11.2
19.06.2016, 26.5, 15.5, 20.1, 995.6, 1, 3, 21.1
28.06.2016, 22.1, 17.3, 19.8, 986.7, 2, 1, 20.1
12.07.2016, 25.3, 15.2, 20.3, 987.0, 3, 9, 20.3
15.07.2016, 31.8, 17.2, 25.8, 990.1, 1, 0, 27.3
16.07.2016, 30.7, 17.0, 25.6, 991.8, 1, 0, 27.4
19.07.2016, 24.7, 17.5, 19.8, 978.3, 1, 10, 21.2
20.07.2016, 22.1, 16.9, 19.3, 977.4, 3, 36, 19.2
23.07.2016, 22.4, 14.5, 17.7, 983.2, 3, 21, 17.2
24.07.2016, 27.0, 16.1, 21.8, 989.5, 3, 3, 21.5
25.07.2016, 27.2, 15.6, 21.3, 992.6, 1, 3, 22.4
26.07.2016, 28.2, 15.5, 22.6, 993.5, 1, 0, 23.6
27.07.2016, 27.6, 15.9, 23.2, 992.8, 1, 0, 24.6
13.08.2016, 15.1, 11.0, 13.0, 994.1, 3, 7, 11.5
15.08.2016, 16.0, 12.5, 14.0, 982.4, 2, 34, 13.5
16.08.2016, 21.3, 11.2, 15.1, 990.5, 2, 4, 14.3
17.08.2016, 23.0, 12.7, 16.9, 992.2, 2, 14, 16.5
20.08.2016, 25.1, 17.0, 20.5, 992.7, 2, 9, 21.3
22.08.2016, 28.0, 15.2, 23.6, 998.4, 1, 0, 25
23.08.2016, 25.1, 17.2, 20.7, 996.8, 2, 1, 21.2
24.08.2016, 29.0, 16.1, 18.9, 992.5, 1, 8, 19.5
25.08.2016, 21.0, 13.5, 16.8, 995.4, 3, 2, 15.5
26.08.2016, 21.5, 9.4, 15.4, 997.6, 2, 0, 14.5
03.09.2016, 22.0, 12.2, 15.3, 989.5, 1, 1, 15.4
05.09.2016, 20.2, 13.0, 15.2, 985.7, 2, 6, 14.8
16.09.2016, 14.5, 8.9, 10.8, 983.9, 3, 4, 8.9
26.09.2016, 11.5, 7.3, 9.9, 994.5, 3, 0, 7.4
27.09.2016, 8.5, 6.2, 7.3, 996.9, 3, 0, 4.5
29.09.2016, 7.8, 5.0, 6.7, 990.0, 1, 2, 5.3
02.10.2016, 18.6, 4.0, 14.3, 996.0, 1, 0, 14.3
03.10.2016, 19.4, 8.6, 14.1, 994.8, , 0, 
04.10.2016, 20.0, 6.7, 12.1, 991.7, 1, 0, 11.6
05.10.2016, 17.4, 10.3, 12.4, 995.3, 3, 1, 10.6
06.10.2016, 10.6, 9.6, 9.9, 998.4, 3, 0, 7.7
08.10.2016, 12.3, 8.5, 9.8, 995.9, 3, 0, 7.7
09.10.2016, 9.5, 6.7, 7.9, 996.0, 4, 0, 4.7
30.10.2016, 0.3, -2.5, -1.6, 977.8, , 6, 
31.10.2016, -0.9, -3.1, -1.9, 986.2, 2, 2, -5
01.11.2016, -2.1, -5.1, -3.7, 993.8, 2, 0, -7
02.11.2016, -1.6, -7.9, -2.8, 991.2, 3, 0, -6.7
03.11.2016, 1.3, -3.4, -0.4, 981.1, 3, 11, -3.9
04.11.2016, 0.6, -4.0, -1.1, 984.5, 3, 3, -4.8
05.11.2016, -1.9, -5.1, -3.1, 992.4, 2, 0, -6.4
06.11.2016, 0.1, -7.1, -2.3, 990.4, 2, 9, -5.4
07.11.2016, 6.8, -0.6, 3.2, 977.0, 2, 8, 0.8
08.11.2016, 7.6, 0.5, 3.2, 984.1, 3, 1, 0
09.11.2016, 4.3, -2.5, 0.2, 992.5, 2, 0, -2.8
10.11.2016, 4.2, -3.7, 1.2, 981.0, 2, 14, -1.5
12.11.2016, -3.8, -6.4, -4.9, 991.6, 5, 7, -10.3
13.11.2016, -3.8, -5.6, -4.7, 998.6, 2, 0, -8.2
14.11.2016, -4.3, -6.2, -5.3, 1002.2, 2, 0, -8.8
15.11.2016, -4.1, -5.3, -4.8, 1005.5, 1, 0, -7.6
16.11.2016, -3.0, -4.6, -3.5, 1002.9, 2, 0, -6.9
17.11.2016, -3.1, -3.9, -3.5, 1000.4, 3, 0, -7.5
18.11.2016, -1.5, -5.1, -3.3, 1002.6, 3, 0, -7.3
19.11.2016, 2.7, -2.5, 0.8, 1008.1, 4, 0, -3.4
20.11.2016, -0.6, -2.9, -2.0, 1012.1, 5, 0, -7.2
21.11.2016, -1.9, -7.9, -4.9, 1016.3, 4, 0, -9.8
22.11.2016, -4.0, -10.4, -7.3, 1015.6, 3, 0, -11.8
23.11.2016, -2.8, -9.4, -6.6, 1009.3, 3, 0, -11.1
24.11.2016, -3.1, -9.0, -5.5, 996.3, 4, 0, -10.4
25.11.2016, 1.4, -4.1, -0.5, 987.6, 3, 0, -4.2
26.11.2016, 0.1, -2.2, -0.9, 981.2, 3, 3, -4.6
27.11.2016, 2.0, -1.4, 1.0, 970.3, 4, 1, -3.1
28.11.2016, 0.5, -4.3, -0.8, 972.7, 2, 2, -3.8
29.11.2016, -7.6, -11.5, -9.3, 984.9, 3, 1, -13.8
30.11.2016, -10.9, -15.3, -13.4, 991.3, 3, 0, -18.2
01.12.2016, -6.6, -14.6, -8.9, 983.8, 3, 3, -13.4
02.12.2016, -4.4, -7.7, -5.7, 980.2, 2, 2, -9.2
03.12.2016, -3.5, -4.9, -4.5, 983.0, 1, 0, -7.3
04.12.2016, -3.8, -6.1, -5.2, 989.4, 1, 0, -8.1
05.12.2016, -1.5, -8.9, -5.9, 985.0, 5, 3, -11.4
06.12.2016, 1.0, -13.8, -7.2, 982.4, 5, 2, -12.9
07.12.2016, -9.5, -14.3, -12.1, 996.4, 4, 0, -17.5
08.12.2016, -5.7, -12.3, -6.5, 981.5, 3, 5, -10.8
09.12.2016, 0.0, -10.2, -4.9, 973.7, 2, 1, -8.3
10.12.2016, 0.7, -5.6, -2.0, 973.1, 3, 1, -6
11.12.2016, -5.7, -9.7, -7.3, 980.7, 2, 0, -11
12.12.2016, -10.2, -13.9, -12.2, 983.6, 2, 0, -16.3
13.12.2016, -12.1, -20.4, -16.1, 991.3, 1, 1, -19.8
14.12.2016, -6.3, -21.6, -11.6, 989.9, 2, 2, -15.6
15.12.2016, -7.7, -12.4, -10.0, 997.4, 2, 1, -13.9
16.12.2016, -11.8, -17.7, -13.7, 1004.1, 2, 0, -17.9
17.12.2016, -4.3, -14.9, -8.4, 1000.4, 2, 0, -12.1
18.12.2016, -0.5, -6.7, -1.7, 994.3, 3, 0, -5.4
19.12.2016, -1.4, -2.7, -1.9, 991.4, 3, 1, -5.7
20.12.2016, -2.1, -12.6, -7.8, 1004.9, 2, 0, -11.6
21.12.2016, -0.3, -13.9, -2.4, 1001.3, 3, 3, -6.2
22.12.2016, -1.0, -2.2, -1.7, 1001.4, 2, 1, -4.7
23.12.2016, -2.6, -4.1, -3.4, 998.3, 3, 0, -7.3
24.12.2016, -0.5, -4.1, -1.8, 994.6, 3, 3, -5.5
25.12.2016, -1.2, -1.8, -1.6, 988.4, 3, 0, -5.3
26.12.2016, -0.7, -2.6, -1.7, 987.2, 4, 1, -6.1
27.12.2016, 1.6, -1.6, 0.2, 976.7, 3, 3, -3.3
28.12.2016, 0.0, -2.5, -1.3, 983.9, 2, 5, -4.3
29.12.2016, -1.0, -7.2, -3.6, 1002.9, 2, 0, -6.9
30.12.2016, -3.2, -7.8, -4.2, 1001.7, 4, 0, -8.9
02.01.2017, 1.1, -0.1, 0.4, 973.1, 3, 2, -3
03.01.2017, -0.1, -9.2, -3.9, 973.0, 2, 6, -7.2
04.01.2017, -3.6, -13.5, -6.6, 974.4, 3, 3, -10.8
05.01.2017, -0.9, -11.3, -3.5, 976.4, 2, 3, -6.8
06.01.2017, -14.3, -23.7, -19.3, 996.4, 3, 2, -24.5
07.01.2017, -19.3, -24.6, -22.1, 997.8, 3, 1, -27.5
08.01.2017, -15.7, -20.9, -18.4, 998.2, 3, 1, -23.5
09.01.2017, -12.6, -17.1, -14.3, 999.2, 1, 2, -17.9
10.01.2017, -10.2, -14.3, -12.7, 1000.0, 1, 0, -16.1
11.01.2017, -9.4, -15.4, -10.2, 999.1, 2, 0, -14.1
12.01.2017, -2.2, -9.9, -6.2, 985.0, 3, 8, -10.4
13.01.2017, -3.5, -5.8, -4.7, 984.3, 2, 4, -8.2
14.01.2017, -2.0, -6.3, -3.4, 988.3, 4, 0, -8
15.01.2017, -0.9, -2.7, -1.7, 988.8, 4, 8, -6.1
16.01.2017, -0.9, -3.5, -2.2, 997.5, 1, 2, -4.7
17.01.2017, -2.0, -5.6, -4.2, 1005.0, 1, 1, -6.9
18.01.2017, -3.4, -9.2, -5.6, 1009.1, 2, 0, -9.1
19.01.2017, -4.8, -10.2, -6.6, 1001.8, 5, 0, -12.2
20.01.2017, -1.0, -6.3, -4.4, 990.7, 4, 0, -9.1
21.01.2017, -1.1, -7.3, -3.7, 987.8, 3, 1, -7.7
22.01.2017, 0.1, -11.7, -4.9, 993.6, 3, 1, -9
23.01.2017, 0.8, -2.9, 0.0, 989.8, 4, 1, -4.2
24.01.2017, -0.7, -2.2, -1.3, 983.3, 4, 1, -5.7
25.01.2017, -6.7, -16.5, -10.5, 993.0, 4, 2, -15.8
26.01.2017, -12.3, -21.9, -16.9, 1000.7, 2, 0, -21.3
27.01.2017, -3.4, -14.6, -6.7, 993.5, 2, 1, -10.3
28.01.2017, -2.1, -6.7, -3.6, 1000.9, 2, 0, -6.9
29.01.2017, -8.6, -17.7, -12.6, 1009.8, 2, 0, -16.8
30.01.2017, -11.4, -19.7, -16.1, 1009.7, 3, 0, -21.1
31.01.2017, -10.2, -17.8, -13.6, 1001.6, 3, 0, -18.5
01.02.2017, -3.7, -11.7, -6.7, 995.5, 3, 0, -11
02.02.2017, -3.0, -17.7, -8.9, 1000.1, 2, 0, -12.8
03.02.2017, -7.5, -20.8, -14.4, 999.2, 1, 0, -18
04.02.2017, -8.0, -14.4, -10.0, 989.6, 2, 1, -13.9
05.02.2017, -8.5, -13.4, -10.6, 989.7, 2, 0, -14.6
06.02.2017, -13.2, -18.7, -16.3, 1002.6, 2, 0, -20.7
07.02.2017, -14.6, -25.5, -20.4, 1013.1, 1, 0, -24.4
08.02.2017, -10.3, -26.4, -17.6, 1014.7, 2, 0, -22.1
09.02.2017, -6.8, -14.5, -10.4, 1012.9, 1, 0, -13.7
10.02.2017, -2.4, -8.2, -4.3, 1011.2, 2, 0, -7.7
11.02.2017, -0.2, -5.4, -3.4, 1010.7, 2, 0, -6.7
12.02.2017, -1.0, -6.8, -4.7, 1008.3, 3, 1, -8.9
13.02.2017, -6.3, -8.5, -7.6, 1003.0, 3, 1, -12
14.02.2017, 2.5, -8.6, -1.8, 983.7, 6, 3, -7.6
15.02.2017, -1.0, -6.5, -2.6, 996.9, 5, 0, -8
16.02.2017, -3.1, -12.8, -7.5, 1003.8, 2, 0, -11.3
17.02.2017, -0.9, -9.4, -4.2, 990.7, 3, 2, -8.3
18.02.2017, 2.3, -2.4, 1.1, 986.3, 4, 0, -3
19.02.2017, 3.4, -1.3, 0.9, 988.6, 5, 0, -4
20.02.2017, 1.9, 0.7, 1.4, 981.4, 6, 0, -4.1
21.02.2017, 1.3, 0.4, 0.7, 967.3, 5, 3, -4.1
22.02.2017, 2.3, -2.4, -0.3, 970.2, 3, 3, -3.9
23.02.2017, 0.6, -2.5, -0.3, 966.4, 3, 5, -3.9
24.02.2017, 3.6, -0.4, 2.1, 966.9, 4, 1, -1.9
25.02.2017, 1.7, -3.5, -1.1, 974.4, 4, 1, -5.7
26.02.2017, -0.2, -6.2, -2.7, 982.7, 4, 0, -7.4
27.02.2017, 2.6, -2.3, 0.6, 981.2, 4, 2, -3.5
28.02.2017, 3.9, -1.3, 1.4, 992.8, 3, 0, -2.1
01.03.2017, 4.9, 1.8, 3.2, 988.7, 4, 0, -0.8
02.03.2017, 3.5, 1.5, 2.4, 984.0, 3, 0, -0.9
03.03.2017, 4.2, 0.8, 2.4, 983.4, 3, 1, -0.9
04.03.2017, 6.0, -0.8, 2.3, 991.4, 3, 0, -1.2
05.03.2017, 4.8, 0.4, 3.4, 988.5, 4, 0, -0.6
06.03.2017, 5.5, 2.2, 3.9, 987.6, 3, 0, 0.7
07.03.2017, 6.4, -0.5, 2.4, 994.2, 2, 0, -0.3
08.03.2017, 6.2, -2.5, 2.2, 1003.2, 2, 0, -0.6
09.03.2017, 9.2, -2.0, 3.3, 1003.5, 2, 0, 0.5
10.03.2017, 7.0, 0.3, 2.9, 997.9, 4, 0, -1.3
11.03.2017, 7.1, -1.0, 2.4, 997.1, 2, 0, -0.4
12.03.2017, 7.4, -4.2, 1.4, 1000.0, 1, 0, -1
13.03.2017, 7.7, -6.3, 0.2, 1000.3, 1, 0, -2.3
14.03.2017, 7.6, -5.5, 0.4, 1000.3, 1, 0, -2.1
15.03.2017, 8.5, -4.6, 2.8, 992.4, 3, 0, -0.8
16.03.2017, 2.9, 0.5, 1.6, 984.9, 1, 10, -0.4
17.03.2017, 3.3, -1.1, 1.4, 988.1, 1, 1, -0.7
18.03.2017, 6.5, -2.7, 2.8, 982.8, 3, 0, -0.6
19.03.2017, 3.5, 1.6, 2.4, 977.9, 3, 1, -0.9
20.03.2017, 4.3, 1.7, 3.1, 980.5, 1, 8, 1.3
21.03.2017, 6.7, 1.6, 3.7, 988.1, 1, 2, 1.8
22.03.2017, 7.8, -1.1, 4.3, 993.1, 2, 0, 1.8
23.03.2017, 10.4, -1.9, 5.2, 996.1, 2, 1, 2.6
24.03.2017, 8.2, -3.2, 2.1, 993.5, 2, 2, -0.7
25.03.2017, 4.8, -2.8, 0.4, 989.5, 3, 0, -3.5
26.03.2017, 6.8, -6.0, 1.4, 988.9, 3, 0, -2.6
27.03.2017, 3.8, -0.9, 1.2, 973.8, 5, 6, -3.7
28.03.2017, 4.3, -3.0, 1.2, 973.5, 5, 4, -3.7
29.03.2017, 2.9, -3.7, -0.4, 985.5, 3, 0, -4.5
30.03.2017, 1.2, -5.4, -1.8, 992.2, 3, 0, -6
31.03.2017, 2.1, -7.3, -1.6, 996.9, 3, 1, -5.5
01.04.2017, 6.0, -0.5, 1.5, 997.4, 2, 1, -1.5
02.04.2017, 14.2, -0.3, 5.6, 992.3, 4, 7, 2
03.04.2017, 10.5, 3.2, 6.4, 991.0, 3, 12, 3.8
04.04.2017, 5.8, 0.8, 3.4, 1002.6, 2, 2, 0.8
05.04.2017, 12.3, 2.8, 7.3, 997.1, 3, 0, 4.4
06.04.2017, 11.5, 4.9, 8.4, 986.5, 2, 0, 6.4
08.04.2017, 10.5, 2.2, 6.3, 982.5, 2, 0, 4.2
09.04.2017, 8.4, 0.3, 4.3, 995.0, 3, 0, 0.6
10.04.2017, 9.2, 1.2, 6.3, 993.7, 2, 0, 3.6
13.04.2017, 8.2, 1.9, 6.4, 979.1, 5, 0, 1.8
14.04.2017, 7.0, 1.2, 4.5, 976.1, 3, 2, 1.2
08.05.2017, 15.8, 4.5, 5.8, 975.1, 2, 11, 3.7
09.05.2017, 6.7, 1.5, 3.4, 975.5, , 3, 
17.05.2017, 5.6, 1.4, 4.4, 994.5, 3, 5, 1.5
18.05.2017, 10.5, 5.4, 8.0, 994.4, , 9, 
25.05.2017, 23.1, 11.6, 15.9, 989.5, 3, 0, 14.3
27.05.2017, 17.9, 11.2, 13.8, 989.1, 2, 3, 12.1
01.06.2017, 18.3, 9.0, 13.8, 978.0, 3, 2, 11.7
02.06.2017, 11.2, 5.4, 7.2, 979.7, 3, 1, 4.1
03.06.2017, 7.3, 2.4, 4.8, 983.2, 3, 3, 1.7
10.06.2017, 17.4, 10.3, 13.3, 991.3, , 1, 
11.06.2017, 20.6, 10.6, 14.9, 988.6, , 0, 
13.06.2017, 17.5, 12.6, 14.3, 974.2, 3, 7, 12.8
15.06.2017, 11.0, 7.8, 9.6, 980.0, 3, 5, 7.4
16.06.2017, 15.5, 9.4, 12.4, 982.7, 2, 0, 11.1
17.06.2017, 20.6, 10.5, 16.0, 984.6, 2, 0, 14.8
18.06.2017, 24.7, 8.1, 17.0, 987.7, 2, 0, 15.9
19.06.2017, 21.7, 12.0, 16.2, 984.7, 2, 5, 15.6
20.06.2017, 23.4, 11.5, 18.7, 981.5, 3, 0, 17.2
21.06.2017, 19.0, 9.1, 15.2, 977.9, 3, 7, 13.3
22.06.2017, 16.7, 8.1, 12.3, 982.1, 3, 0, 10
23.06.2017, 18.6, 6.8, 13.1, 982.4, 2, 3, 11.7
24.06.2017, 19.5, 8.0, 14.2, 982.5, 2, 3, 12.9
25.06.2017, 22.0, 9.0, 17.0, 983.9, 3, 0, 15.6
26.06.2017, 26.0, 14.6, 20.3, 983.2, 3, 0, 19.6
27.06.2017, 22.0, 12.2, 17.3, 984.7, 2, 0, 16.6
28.06.2017, 22.4, 9.9, 17.1, 989.4, 2, 0, 15.9
29.06.2017, 25.8, 11.8, 19.8, 989.7, 1, 0, 19.9
30.06.2017, 27.5, 14.9, 20.4, 983.9, 3, 6, 19.9
01.07.2017, 25.4, 14.9, 20.2, 980.8, 3, 8, 19.4
02.07.2017, 22.3, 14.5, 16.7, 977.9, 2, 5, 16.5
03.07.2017, 20.6, 14.1, 16.7, 979.6, 3, 3, 15.9
04.07.2017, 20.3, 12.0, 15.7, 983.7, 2, 6, 15.3
05.07.2017, 17.7, 11.4, 14.1, 982.5, 3, 7, 12.5
06.07.2017, 20.1, 10.3, 14.1, 985.6, 3, 0, 12.2
07.07.2017, 16.9, 8.0, 12.3, 985.3, 3, 2, 10.1
08.07.2017, 14.5, 9.4, 11.7, 982.8, 3, 3, 9.7
09.07.2017, 19.7, 10.8, 14.6, 983.7, 3, 0, 12.8
10.07.2017, 21.6, 9.8, 16.4, 987.7, 2, 0, 15.4
11.07.2017, 25.6, 10.1, 18.5, 992.6, 1, 0, 18.4
12.07.2017, 21.0, 13.0, 16.9, 989.2, 3, 17, 16
13.07.2017, 21.9, 16.2, 18.4, 983.8, 1, 1, 19.5
14.07.2017, 23.0, 17.0, 19.3, 983.3, 3, 1, 19
15.07.2017, 26.8, 15.9, 20.6, 986.8, 2, 0, 20.9
16.07.2017, 22.4, 14.0, 18.6, 990.4, 3, 0, 17.6
17.07.2017, 21.1, 11.0, 15.7, 993.6, 2, 0, 14.9
18.07.2017, 25.0, 10.7, 18.4, 993.0, 2, 0, 17.8
19.07.2017, 23.1, 11.2, 17.3, 993.7, 2, 0, 16.5
20.07.2017, 23.3, 10.8, 16.7, 991.7, 2, 0, 16
21.07.2017, 22.7, 12.6, 16.6, 990.0, 1, 4, 16.8
22.07.2017, 15.7, 11.7, 14.0, 990.9, 1, 28, 14.1
23.07.2017, 23.2, 8.1, 17.0, 990.0, 2, 0, 16.2
31.07.2017, 23.5, 16.2, 18.8, 988.9, 3, 5, 18.1
02.08.2017, 27.6, 14.0, 24.4, 996.0, 2, 0, 24.9
20.08.2017, 29.5, 14.1, 23.9, 998.8, 1, 0, 24.3
22.08.2017, 28.5, 17.2, 23.1, 990.0, 2, 0, 22.4
23.08.2017, 21.2, 14.2, 17.9, 981.2, 3, 7, 16.9
24.08.2017, 15.6, 11.2, 13.8, 985.2, 3, 3, 12.1
25.08.2017, 16.2, 10.7, 13.6, 988.8, 4, , 11.4
27.08.2017, 18.0, 7.9, 13.9, 990.2, 2, 0, 12.8
29.08.2017, 13.4, 10.7, 11.7, 986.9, 3, 17, 9.9
30.08.2017, 12.3, 10.6, 11.3, 995.3, 2, 0, 9.9
02.09.2017, 21.2, 14.5, 17.0, 986.2, 2, 8, 16.9
06.09.2017, 14.6, 11.8, 13.1, 983.4, 2, 1, 12.5
10.09.2017, 20.5, 6.6, 18.2, 992.7, 3, 1, 16.8
12.09.2017, 22.2, 14.2, 19.2, 989.7, 2, 0, 18.2
13.09.2017, 20.0, 14.0, 18.8, 979.9, 3, 3, 18.1
14.09.2017, 20.2, 10.0, 16.4, 982.5, 6, 0, 12.6
15.09.2017, 17.5, 9.7, 14.3, 984.5, 3, 7, 12.5
17.09.2017, 17.7, 7.5, 13.5, 998.4, 2, 0, 12.3
18.09.2017, 27.7, 11.4, 18.6, 986.1, 3, 1, 17.2
01.10.2017, 6.3, 4.2, 4.8, 1006.8, , 0, 
06.10.2017, 10.6, 5.6, 7.8, 972.2, 2, 12, 6.1
26.10.2017, -0.4, -3.8, -1.4, 994.5, 3, 3, -5.2
27.10.2017, 1.5, -0.9, 0.2, 981.2, 2, 4, -2.6
28.10.2017, 5.7, 0.2, 2.4, 977.7, 2, 4, -0.2
29.10.2017, 5.7, 3.1, 4.5, 966.2, 3, 0, 1.5
30.10.2017, 6.1, 4.7, 5.3, 958.5, 3, 6, 2.5
01.11.2017, 1.0, -4.9, -1.1, 975.6, 3, 4, -5
02.11.2017, 1.6, -6.3, -3.3, 979.7, 2, 0, -6.6
03.11.2017, -0.5, -7.6, -2.3, 982.6, 1, 0, -4.8
04.11.2017, 1.3, -0.9, 0.1, 993.1, 2, 1, -2.8
05.11.2017, 3.7, -0.4, 2.0, 999.2, 2, 0, -0.7
06.11.2017, 6.0, -0.7, 2.4, 1003.3, 2, 0, -0.3
07.11.2017, 3.3, -1.4, 2.0, 1004.1, 3, 0, -1.4
08.11.2017, 6.6, -3.4, 0.7, 1007.2, 1, 0, -1.5
09.11.2017, 5.7, -6.1, -0.8, 1004.7, 2, 0, -3.8
10.11.2017, 2.8, -2.0, 1.8, 995.5, 3, 1, -1.6
11.11.2017, 4.9, 2.3, 3.8, 988.2, 4, 2, 0.1
12.11.2017, 5.1, 0.1, 2.7, 982.1, 3, 8, -0.5
13.11.2017, 1.3, -2.2, -0.1, 989.2, 2, 0, -3
14.11.2017, 6.9, 0.2, 2.5, 985.8, 3, 11, -0.7
15.11.2017, 3.2, 0.2, 1.1, 995.8, 3, 0, -2.5
16.11.2017, 5.3, 0.3, 2.6, 993.4, 4, 1, -1.4
17.11.2017, 1.3, -1.7, 0.3, 998.0, 3, 0, -3.3
18.11.2017, 3.0, -0.2, 1.8, 993.3, 3, 0, -1.6
19.11.2017, 1.4, 0.5, 0.9, 985.9, 3, 3, -2.5
20.11.2017, 2.1, -0.7, 0.8, 985.9, 1, 2, -1.4
21.11.2017, 0.1, -1.2, -0.5, 980.9, 3, 8, -4.1
22.11.2017, -0.6, -2.2, -1.0, 983.1, 3, 0, -4.8
23.11.2017, -2.1, -4.3, -3.1, 991.0, 4, 0, -7.8
24.11.2017, -3.7, -4.9, -4.2, 998.8, 2, 0, -7.6
25.11.2017, -4.7, -6.5, -5.4, 997.8, 2, 0, -8.9
26.11.2017, -5.1, -7.8, -6.2, 1000.7, 3, 0, -10.4
27.11.2017, -4.1, -7.0, -5.4, 1002.2, 3, 0, -9.6
28.11.2017, -4.2, -7.3, -5.3, 1001.0, 3, 0, -9.5
29.11.2017, -3.7, -10.4, -6.0, 999.9, 4, 0, -10.8
30.11.2017, -1.7, -4.6, -2.7, 1000.5, 3, 0, -6.6
01.12.2017, 1.4, -3.1, -0.3, 997.0, 5, 8, -5.1
02.12.2017, 1.5, 0.0, 0.9, 996.9, 2, 4, -1.8
03.12.2017, 0.5, -0.9, -0.1, 995.9, 2, 5, -2.9
04.12.2017, 3.8, -1.1, 0.8, 983.4, 3, 6, -2.6
05.12.2017, -1.1, -3.0, -1.8, 985.2, 2, 1, -5
06.12.2017, -1.9, -3.2, -2.6, 979.4, 2, 3, -5.8
07.12.2017, -3.0, -4.5, -3.8, 981.7, 3, 2, -7.8
08.12.2017, -3.5, -7.6, -4.9, 988.5, 3, 0, -9
09.12.2017, 0.9, -4.4, -0.2, 988.0, 3, 1, -3.8
10.12.2017, 2.8, -1.0, 0.6, 984.5, 3, 0, -2.8
11.12.2017, 2.9, 0.1, 1.6, 980.7, 3, 5, -1.8
12.12.2017, 2.2, -1.1, 0.7, 988.2, 2, 1, -2.1
13.12.2017, 3.6, 0.0, 2.6, 987.5, 3, 0, -0.6
14.12.2017, 3.0, -0.1, 0.8, 984.1, 3, 15, -2.6
15.12.2017, 2.9, 0.9, 2.3, 986.1, 2, 4, -0.3
16.12.2017, 7.6, 2.1, 4.9, 985.0, 4, 4, 1.4
17.12.2017, 8.1, 1.2, 4.4, 987.4, 4, 5, 0.7
18.12.2017, 0.7, -0.3, 0.1, 993.7, 3, 10, -3.4
19.12.2017, 1.5, -0.4, 0.6, 992.3, 1, 4, -1.5
20.12.2017, 0.6, -0.9, -0.1, 1002.9, 1, 0, -2.5
21.12.2017, -0.3, -3.2, -1.4, 1001.4, 1, 1, -3.8
22.12.2017, -3.0, -4.5, -3.6, 991.5, 2, 0, -6.9
23.12.2017, -3.5, -6.0, -4.5, 983.9, 2, 1, -7.9
24.12.2017, -0.8, -4.1, -2.3, 963.5, 4, 4, -6.8
25.12.2017, -1.9, -5.6, -3.1, 974.9, 4, 1, -7.8
26.12.2017, 3.1, -8.2, -0.6, 983.2, 3, 1, -4.2
27.12.2017, 2.2, 1.1, 1.5, 981.7, 3, 0, -1.8
28.12.2017, 1.1, 0.3, 0.8, 987.7, 2, 0, -2
29.12.2017, 3.9, 0.4, 2.9, 993.3, 3, 0, -0.2
30.12.2017, 2.1, 0.5, 1.4, 990.2, 4, 1, -2.6
31.12.2017, 2.5, 1.0, 1.4, 988.0, 2, 2, -1.2
01.01.2018, 2.1, 0.4, 1.2, 990.0, 2, 0, -1.6
02.01.2018, 2.3, 1.4, 1.8, 991.5, 4, 0, -2.3
03.01.2018, 3.4, 1.1, 2.3, 991.4, 3, 0, -1
04.01.2018, 1.3, -1.9, -0.4, 988.5, 3, 0, -4.1
05.01.2018, -1.2, -3.1, -2.0, 987.6, 3, 3, -5.8
06.01.2018, 2.0, -1.6, 0.7, 987.5, 4, 1, -3.4
07.01.2018, 4.1, -3.3, 1.3, 990.0, 4, 1, -2.8
08.01.2018, -1.5, -5.1, -3.0, 994.2, 5, 0, -8.4
09.01.2018, -2.3, -5.4, -3.8, 997.7, 4, 0, -8.6
10.01.2018, -1.5, -7.1, -4.1, 999.4, 1, 0, -6.9
11.01.2018, -1.3, -7.3, -3.6, 997.7, 2, 1, -6.9
12.01.2018, -5.8, -8.0, -7.1, 1010.9, 2, 0, -10.8
13.01.2018, -7.4, -9.5, -8.5, 1017.1, 1, 1, -11.7
14.01.2018, -7.9, -10.3, -9.4, 1014.5, 1, 1, -12.6
15.01.2018, -5.3, -9.6, -7.4, 1010.6, 1, 1, -10.4
16.01.2018, -8.4, -10.8, -9.1, 1002.3, 3, 0, -13.6
17.01.2018, -5.6, -9.5, -7.4, 989.1, 4, 0, -12.4
18.01.2018, -3.3, -8.9, -5.8, 984.2, 3, 6, -10
19.01.2018, -5.9, -11.4, -8.6, 988.0, 4, 0, -13.8
20.01.2018, -2.9, -10.1, -7.7, 985.1, 3, 6, -12.1
21.01.2018, -2.0, -7.0, -3.0, 984.1, 2, 0, -6.3
22.01.2018, -5.5, -13.9, -8.6, 992.2, 2, 0, -12.4
23.01.2018, -10.0, -18.3, -13.3, 999.7, 2, 0, -17.4
24.01.2018, -6.8, -13.5, -9.8, 1005.2, 1, 0, -13
25.01.2018, -8.7, -15.7, -12.4, 1007.1, 3, 0, -17.1
26.01.2018, -5.9, -12.5, -9.8, 1010.0, 4, 0, -15.1
27.01.2018, -7.9, -12.0, -8.6, 1010.4, 3, 0, -13.1
28.01.2018, -7.8, -9.1, -8.6, 1003.3, 4, 2, -13.7
29.01.2018, -4.7, -8.9, -6.3, 987.2, 3, 7, -10.5
30.01.2018, 0.5, -5.7, -0.6, 973.8, 3, 9, -4.2
31.01.2018, 0.0, -7.4, -3.1, 975.9, 4, 5, -7.6
01.02.2018, -8.0, -13.9, -9.9, 991.0, 2, 0, -13.8
02.02.2018, -1.4, -10.4, -4.1, 987.4, 3, 0, -8.1
03.02.2018, 1.8, -2.6, 0.7, 983.4, 3, 0, -2.7
04.02.2018, 0.4, -11.1, -2.9, 972.7, 2, 20, -6.1
05.02.2018, -10.1, -15.3, -12.4, 984.0, 3, 1, -17.2
06.02.2018, -9.8, -16.0, -12.7, 998.1, 3, 0, -17.5
07.02.2018, -5.9, -15.9, -11.4, 1006.9, 2, 0, -15.4
08.02.2018, -4.4, -18.7, -8.4, 1005.8, 3, 0, -12.8
09.02.2018, -3.7, -7.6, -5.8, 998.5, 3, 0, -10.1
10.02.2018, -4.9, -6.9, -5.9, 996.8, 3, 1, -10.1
11.02.2018, -4.2, -6.3, -4.7, 994.8, 3, 5, -8.8
12.02.2018, -4.4, -9.2, -6.7, 996.2, 2, 0, -10.5
13.02.2018, -6.5, -14.4, -10.4, 999.6, 2, 0, -14.4
14.02.2018, -7.6, -13.2, -10.3, 1003.0, 2, 1, -14.2
15.02.2018, -6.7, -10.4, -8.1, 1007.6, 2, 0, -11.9
16.02.2018, -2.8, -7.5, -5.1, 1006.4, 2, 1, -8.6
17.02.2018, -3.9, -6.2, -5.2, 999.7, 3, 2, -9.3
18.02.2018, -1.6, -6.7, -4.0, 993.6, 2, 3, -7.4
19.02.2018, -0.7, -5.3, -3.2, 991.4, 1, 2, -5.8
20.02.2018, -5.3, -11.9, -8.2, 993.8, 2, 1, -12
21.02.2018, -7.7, -16.7, -12.9, 998.1, 2, 0, -17
22.02.2018, -7.8, -22.5, -15.8, 1001.5, 1, 0, -19.5
23.02.2018, -8.5, -20.4, -15.1, 1001.2, , 0, 
24.02.2018, -9.0, -25.3, -16.7, 999.9, 2, 0, -21.1
25.02.2018, -10.9, -20.5, -14.9, 998.8, 2, 0, -19.2
26.02.2018, -11.6, -25.1, -19.6, 999.9, 1, 0, -23.5
27.02.2018, -12.5, -26.4, -18.6, 1006.3, 3, 0, -23.8
28.02.2018, -14.7, -18.8, -16.6, 1006.7, 4, 0, -22.3
01.03.2018, -10.4, -16.7, -13.4, 1002.6, 4, 0, -19
02.03.2018, -7.7, -13.8, -10.4, 996.2, 2, 0, -14.4
03.03.2018, -10.1, -16.6, -12.2, 985.2, 3, 2, -16.9
04.03.2018, -6.3, -11.9, -9.6, 967.5, 2, 15, -13.5
05.03.2018, -6.3, -13.7, -10.4, 978.1, 3, 1, -15.1
06.03.2018, -6.7, -19.7, -11.7, 991.7, 2, 0, -15.8
07.03.2018, -2.9, -9.7, -6.2, 986.2, 3, 1, -10.5
08.03.2018, -3.5, -8.6, -6.2, 985.3, 3, 0, -10.6
09.03.2018, -4.4, -12.2, -7.4, 990.5, 2, 0, -11.2
10.03.2018, -6.3, -8.4, -7.6, 991.8, 2, 7, -11.3
11.03.2018, -4.4, -9.1, -6.8, 996.6, 2, 2, -10.5
12.03.2018, -4.3, -7.7, -5.8, 996.6, 3, 2, -10
13.03.2018, -0.1, -6.4, -3.8, 992.4, 4, 0, -8.6
14.03.2018, -1.5, -8.6, -5.5, 986.7, 3, 0, -9.8
15.03.2018, -1.1, -6.3, -3.9, 980.5, 2, 4, -7.3
16.03.2018, -4.8, -15.9, -9.0, 988.0, 2, 0, -13
17.03.2018, -10.2, -20.5, -13.9, 991.2, 2, 0, -18.2
18.03.2018, -6.6, -19.8, -12.9, 993.5, 2, 0, -17.2
19.03.2018, -5.6, -15.9, -10.5, 990.8, 3, 0, -15.3
20.03.2018, 1.9, -13.9, -5.8, 987.7, 2, 0, -9.7
21.03.2018, -4.1, -7.6, -5.4, 983.3, 2, 2, -9
22.03.2018, -0.1, -7.0, -3.2, 983.6, 2, 0, -6.6
23.03.2018, 1.4, -7.6, -2.4, 979.1, 4, 1, -7
24.03.2018, 0.1, -7.3, -3.0, 982.2, 2, 0, -6.4
25.03.2018, 3.7, -13.6, -2.6, 986.7, 3, 0, -6.7
26.03.2018, 4.3, -3.9, 0.7, 985.5, 4, 0, -3.8
27.03.2018, 3.8, -4.7, -1.1, 982.7, 3, 1, -5
28.03.2018, -0.8, -9.0, -5.0, 988.6, 2, 0, -8.8
29.03.2018, 0.4, -16.0, -6.6, 995.0, 1, 0, -9.9
30.03.2018, -1.8, -15.2, -5.7, 996.8, 3, 0, -10.1
31.03.2018, 2.0, -3.8, 0.0, 991.1, 2, 2, -2.9
01.04.2018, 2.9, 0.4, 1.6, 986.7, 2, 0, -1.1
16.04.2018, 20.4, 1.9, 11.6, 994.8, 2, 0, 9.4
21.04.2018, 12.0, -7.4, 4.8, 976.5, 3, 5, 1.4
01.05.2018, 26.7, 10.0, 21.6, 989.5, 4, 3, 19
19.07.2018, 22.4, 19.4, 20.6, 976.1, 2, 14, 21.8
20.07.2018, 26.0, 17.9, 21.8, 979.0, 2, 3, 23.1
21.07.2018, 20.2, 18.7, 19.2, 982.7, 1, 38, 20.8
16.08.2018, 25.2, 16.7, 19.3, 992.8, 2, 1, 19.5
03.09.2018, 19.5, 14.4, 16.9, 1000.5, 2, 1, 16.5
28.09.2018, 16.7, 5.0, 10.8, 983.2, 5, 2, 7.3
24.10.2018, 6.8, 3.8, 4.8, 964.1, , 2, 
27.10.2018, 5.7, 0.2, 2.6, 986.9, 3, 3, -0.7
29.10.2018, 4.0, -0.4, 1.6, 1003.8, 3, 4, -1.7
30.10.2018, -0.5, -2.0, -1.1, 1011.2, 3, 8, -4.8
31.10.2018, 1.2, -1.0, 0.1, 1012.9, 3, 0, -3.5
01.11.2018, 5.6, 0.9, 3.6, 1014.1, 3, 0, 0.4
02.11.2018, 8.3, 2.1, 5.6, 1010.8, 3, 0, 2.5
03.11.2018, 8.9, 6.3, 7.3, 1004.5, 3, 0, 4.6
04.11.2018, 9.7, 2.3, 6.8, 1001.7, 2, 8, 4.7
05.11.2018, 4.5, -3.0, -0.1, 1007.1, , 0, 
06.11.2018, 1.3, -4.0, -0.9, 1005.9, 2, 0, -3.8
07.11.2018, 2.7, -1.6, 0.6, 1002.5, 2, 0, -2.1
08.11.2018, 2.5, 1.2, 1.6, 999.3, 2, 1, -1
09.11.2018, 1.6, 0.0, 0.9, 999.6, 1, 0, -1.2
10.11.2018, 2.3, 0.3, 1.4, 1002.8, 1, 0, -0.7
11.11.2018, 2.0, -6.7, -3.2, 1016.0, 3, 1, -7.2
12.11.2018, -2.2, -8.8, -6.1, 1020.1, 3, 0, -10.4
13.11.2018, -1.9, -9.9, -6.1, 1015.9, 3, 0, -10.6
14.11.2018, -0.6, -5.9, -2.7, 1005.5, 3, 0, -6.8
15.11.2018, 1.7, -6.6, -2.3, 1012.0, 2, 0, -5.9
16.11.2018, 1.2, -11.2, -5.7, 1018.8, 1, 0, -8.8
23.11.2018, -0.5, -3.8, -2.0, 996.5, 3, 0, -6.1
24.11.2018, -2.0, -5.3, -3.2, 991.8, 4, 0, -7.9
25.11.2018, -3.6, -5.5, -4.5, 989.7, 2, 0, -7.9
26.11.2018, -2.6, -6.7, -4.7, 985.7, 2, 5, -8.1
27.11.2018, -4.5, -10.0, -7.0, 988.1, 1, 0, -10
28.11.2018, -4.1, -13.4, -6.6, 998.3, 3, 0, -10.9
29.11.2018, -6.1, -14.9, -12.0, 1014.5, 2, 0, -16.1
30.11.2018, -5.9, -19.1, -14.2, 1018.0, 1, 0, -17.8
01.12.2018, -6.4, -17.8, -11.9, 1009.3, 2, 0, -16
02.12.2018, -4.6, -9.6, -5.7, 996.6, 3, 3, -9.9
03.12.2018, -4.5, -10.2, -7.2, 996.3, 3, 0, -11.6
04.12.2018, -2.1, -10.7, -4.8, 996.4, 4, 0, -9.6
05.12.2018, -2.4, -3.7, -2.9, 996.2, 3, 0, -6.8
06.12.2018, -1.5, -3.7, -2.3, 992.9, 1, 8, -4.8
07.12.2018, -2.1, -4.4, -2.8, 991.6, 2, 3, -6
08.12.2018, -3.6, -5.1, -4.4, 989.6, 2, 0, -7.8
09.12.2018, 0.3, -6.0, -3.2, 984.1, 3, 3, -7.1
10.12.2018, 1.3, -1.5, 0.7, 982.7, 3, 3, -2.7
11.12.2018, 0.9, 0.0, 0.3, 986.7, 2, 6, -2.5
12.12.2018, 0.2, -0.3, -0.1, 990.4, 3, 3, -3.6
13.12.2018, -0.5, -3.7, -2.0, 993.6, 3, 3, -5.8
14.12.2018, -2.8, -4.6, -3.4, 1000.0, 2, 0, -6.7
15.12.2018, -1.7, -5.4, -3.6, 1005.5, 2, 0, -6.9
16.12.2018, -6.7, -14.2, -10.2, 1012.1, 1, 0, -13.4
17.12.2018, -13.5, -18.2, -15.6, 1011.0, 1, 0, -19.3
18.12.2018, -10.2, -15.9, -12.1, 1010.8, 1, 1, -15.5
19.12.2018, -7.4, -11.8, -9.0, 1010.4, 1, 2, -12.2
20.12.2018, -10.2, -12.8, -11.4, 1008.6, 1, 1, -14.8
21.12.2018, -5.2, -11.5, -7.7, 1001.1, 2, 3, -11.4
22.12.2018, -5.4, -7.0, -6.1, 990.8, 2, 4, -9.6
23.12.2018, -5.3, -7.1, -6.1, 984.2, 2, 1, -9.6
24.12.2018, -7.2, -8.6, -7.8, 981.2, 2, 6, -11.5
25.12.2018, -8.3, -14.5, -10.5, 987.1, 1, 1, -13.8
26.12.2018, -7.5, -10.0, -8.5, 978.1, 2, 2, -12.3
27.12.2018, -7.4, -14.4, -9.6, 982.9, 1, 1, -12.8
28.12.2018, -6.4, -10.2, -7.5, 988.8, 1, 0, -10.5
29.12.2018, -5.2, -7.0, -6.1, 994.4, , 0, 
30.12.2018, -2.8, -6.1, -4.3, 996.2, 2, 0, -7.7
31.12.2018, -5.2, -8.3, -6.5, 999.5, 2, 0, -10.1
01.01.2019, -3.4, -8.4, -5.4, 992.2, 3, 1, -9.6
02.01.2019, -3.1, -4.5, -3.8, 983.7, 4, 3, -8.5
03.01.2019, -2.3, -3.7, -2.9, 986.8, 3, 5, -6.7
04.01.2019, -1.4, -5.7, -3.4, 988.0, 1, 1, -6
05.01.2019, -4.4, -8.3, -6.1, 985.6, 1, 1, -9
06.01.2019, -7.2, -15.1, -9.8, 994.0, 1, 0, -13
07.01.2019, -10.5, -17.0, -12.9, 998.6, 2, 1, -17
08.01.2019, -9.8, -17.4, -13.4, 990.9, 2, 0, -17.6
09.01.2019, -9.8, -20.5, -13.9, 992.6, 1, 0, -17.4
10.01.2019, -6.9, -11.1, -7.9, 994.8, 2, 3, -11.6
11.01.2019, -8.9, -15.5, -12.3, 987.4, 1, 1, -15.7
12.01.2019, -11.3, -16.6, -13.4, 973.6, 3, 1, -18.2
13.01.2019, -2.7, -12.4, -6.1, 972.3, 3, 1, -10.3
14.01.2019, -2.0, -4.8, -2.8, 967.9, 4, 2, -7.4
15.01.2019, -0.2, -6.9, -2.6, 968.4, 3, 2, -6.5
16.01.2019, -6.4, -12.6, -8.1, 974.0, 2, 1, -11.8
17.01.2019, -1.2, -8.2, -4.1, 979.2, 4, 1, -8.8
18.01.2019, 0.9, -4.4, -0.1, 978.2, 5, 0, -5
19.01.2019, 0.0, -7.9, -4.5, 985.7, 3, 1, -8.6
20.01.2019, -3.8, -9.9, -6.0, 989.9, 4, 0, -10.9
21.01.2019, -5.1, -12.3, -7.8, 985.8, 3, 1, -12.2
22.01.2019, -12.4, -20.0, -16.2, 992.7, 2, 0, -20.6
23.01.2019, -13.3, -25.7, -19.5, 996.8, 1, 0, -23.4
24.01.2019, -12.2, -18.3, -15.7, 990.4, 2, 1, -20
25.01.2019, -8.9, -18.5, -15.1, 1000.6, 1, 0, -18.7
26.01.2019, -9.1, -19.3, -11.6, 990.7, 3, 7, -16.3
27.01.2019, -8.1, -10.2, -9.0, 980.7, 2, 11, -12.8
28.01.2019, -5.0, -10.3, -7.3, 985.6, 2, 1, -11
29.01.2019, -1.6, -7.0, -3.3, 989.8, 3, 0, -7.2
30.01.2019, -0.9, -4.8, -2.9, 990.4, 3, 0, -6.7
31.01.2019, 0.0, -3.1, -1.6, 991.3, 3, 0, -5.3
01.02.2019, -3.6, -5.7, -4.7, 992.8, 2, 0, -8.1
02.02.2019, -3.7, -6.8, -4.9, 995.5, 2, 2, -8.3
03.02.2019, 1.3, -4.0, -0.8, 996.2, 2, 0, -3.7
04.02.2019, 3.3, 0.7, 2.0, 996.4, 3, 0, -1.3
05.02.2019, 1.8, -1.3, 0.3, 1002.2, 2, 0, -2.7
06.02.2019, 0.4, -2.2, -0.9, 996.5, 2, 3, -3.9
07.02.2019, -0.8, -3.6, -2.4, 994.8, 2, 1, -5.6
08.02.2019, 0.3, -5.0, -2.9, 998.5, 3, 0, -6.9
09.02.2019, -2.1, -5.0, -3.4, 996.6, 3, 0, -7.4
10.02.2019, -3.0, -7.0, -5.1, 992.9, 4, 0, -9.9
11.02.2019, -0.6, -3.9, -1.7, 991.2, 3, 0, -5.5
12.02.2019, 1.1, -2.0, 0.0, 987.5, 4, 2, -4.2
13.02.2019, 0.5, -4.2, -1.4, 984.8, 3, 12, -5.1
14.02.2019, -0.6, -9.8, -4.9, 998.5, 2, 0, -8.4
15.02.2019, 1.8, -6.5, -0.1, 992.8, 5, 0, -5
16.02.2019, 4.8, 0.6, 2.1, 988.7, 3, 0, -1.3
17.02.2019, 4.9, -1.8, 1.5, 977.7, 5, 0, -3.5
18.02.2019, -0.9, -6.6, -2.6, 990.2, 4, 0, -7.5
19.02.2019, 1.0, -11.4, -4.8, 993.3, 3, 0, -9.1
20.02.2019, 1.4, -4.0, -0.4, 979.4, 4, 0, -4.8
21.02.2019, 0.7, -7.8, -4.0, 975.2, 5, 6, -9.3
22.02.2019, -7.9, -10.0, -9.2, 989.6, 4, 1, -14.4
23.02.2019, -4.0, -12.9, -8.5, 1005.2, 2, 0, -12.4
24.02.2019, -0.6, -7.7, -3.4, 998.2, 3, 3, -7.3
25.02.2019, 3.4, -1.4, 0.6, 983.8, 3, 1, -2.9
26.02.2019, 1.8, 0.1, 0.7, 979.0, 4, 3, -3.4
27.02.2019, -0.1, -3.4, -1.5, 984.5, 3, 1, -5.4
28.02.2019, 0.4, -3.5, -1.1, 964.5, 3, 1, -4.8
01.03.2019, 1.8, -1.0, 0.2, 962.6, 2, 3, -2.7
02.03.2019, -3.3, -10.5, -6.8, 978.7, 3, 1, -11.2
03.03.2019, -1.8, -12.3, -5.4, 977.0, 4, 2, -10.2
04.03.2019, 1.5, -3.3, -0.6, 971.8, 2, 4, -3.6
05.03.2019, 4.3, 1.0, 2.4, 967.8, 3, 4, -0.8
06.03.2019, 2.6, -9.3, -2.4, 979.1, 4, 0, -7.1
07.03.2019, -2.1, -13.4, -6.5, 998.0, 4, 0, -11.6
08.03.2019, 3.0, -4.9, 0.3, 987.4, 4, 0, -4
09.03.2019, 6.5, 1.1, 3.6, 982.7, 3, 3, 0.1
10.03.2019, 6.0, -0.9, 1.8, 975.4, 2, 3, -1
11.03.2019, 4.1, -0.1, 1.4, 970.4, 2, 1, -1.4
12.03.2019, 1.5, -5.5, -1.6, 980.3, 3, 1, -5.5
13.03.2019, -0.8, -8.9, -5.2, 986.7, 2, 1, -8.8
14.03.2019, 2.0, -10.4, -3.1, 992.1, 2, 0, -6.5
15.03.2019, 2.3, -2.8, -0.7, 989.6, 3, 0, -4.5
16.03.2019, 0.4, -2.8, -1.1, 981.8, 3, 1, -4.8
17.03.2019, 1.8, -0.8, 0.4, 986.7, 2, 0, -2.5
18.03.2019, 3.8, 0.7, 1.7, 995.7, 3, 0, -1.7
19.03.2019, 6.5, 1.3, 3.8, 996.1, 3, 1, 0.6
20.03.2019, 6.2, 1.3, 3.1, 998.9, 2, 0, 0.4
21.03.2019, 3.5, 0.5, 1.3, 995.7, 2, 1, -1.6
22.03.2019, 2.8, -0.3, 0.9, 986.7, 3, 5, -2.6
23.03.2019, 3.9, -2.0, 1.1, 993.0, 3, 0, -2.6
24.03.2019, 1.6, -4.5, -1.2, 987.0, 2, 1, -4.2
25.03.2019, 7.9, -3.8, 2.1, 982.8, 3, 1, -1.7
26.03.2019, 8.0, -1.2, 2.6, 981.5, 3, 0, -1
27.03.2019, 5.2, -4.3, -0.2, 989.7, 2, 0, -3.4
28.03.2019, 3.7, -5.9, -1.0, 996.0, 2, 0, -4.4
29.03.2019, 2.1, -1.9, 0.8, 991.5, 2, 1, -2.1
30.03.2019, 9.3, 1.3, 4.6, 988.2, 3, 0, 1.5
31.03.2019, 16.3, 1.5, 9.2, 985.7, 3, 0, 6.1
01.04.2019, 7.6, 1.3, 5.1, 991.5, 3, 0, 1.6
02.04.2019, 7.7, -1.6, 2.7, 1001.5, 3, 0, -1
03.04.2019, 9.0, -4.5, 3.7, 1000.4, 3, 0, -0.2
04.04.2019, 9.8, 0.3, 4.8, 996.4, 3, 0, 0.9
05.04.2019, 4.4, 0.9, 2.6, 995.8, 2, 1, -0.3
06.04.2019, 6.3, -0.6, 2.3, 999.6, 1, 0, 0.2
07.04.2019, 9.3, -5.5, 2.9, 997.1, 1, 0, 0.6
08.04.2019, 14.2, 2.8, 5.8, 993.0, 3, 0, 2.4
12.04.2019, 4.7, 1.7, 3.2, 992.8, 4, 17, -0.6
13.04.2019, 3.0, 1.2, 1.8, 994.9, 3, 0, -1.5
14.04.2019, 0.2, 0.0, 0.1, 995.5, 3, 18, -3.4
15.04.2019, 9.2, -0.1, 4.4, 998.5, 3, 5, 1
09.05.2019, 26.1, 11.5, 18.4, 987.7, 3, 6, 17.3
29.05.2019, 27.7, 21.5, 25.1, 993.8, 4, 0, 23.5
18.06.2019, 27.2, 15.9, 22.3, 989.4, 1, 0, 22.9
27.06.2019, 18.5, 15.1, 16.1, 982.7, 1, 27, 16.8
28.06.2019, 15.2, 11.5, 12.8, 971.4, 4, 10, 10.5
12.07.2019, 17.5, 9.9, 14.8, 982.0, 1, 0, 14.6
13.07.2019, 17.0, 11.6, 13.8, 984.4, 2, 1, 12.8
15.07.2019, 22.6, 7.8, 15.6, 986.9, 1, 5, 15.5
16.07.2019, 17.5, 12.9, 15.1, 985.7, 2, 14, 14.7
17.07.2019, 17.7, 14.2, 16.4, 983.5, 1, 3, 16.9
18.07.2019, 21.2, 12.7, 16.0, 981.8, 2, 0, 15.3
19.07.2019, 20.2, 13.1, 16.3, 984.1, 4, 1, 14.5
20.07.2019, 22.2, 14.2, 16.8, 989.0, 3, 0, 15.5
22.07.2019, 25.7, 12.2, 19.2, 992.5, 1, 0, 19.6
18.08.2019, 17.5, 15.2, 16.7, 987.0, 2, 0, 16.6
09.10.2019, 5.8, 0.7, 4.3, 988.6, 4, 5, 0.6
10.10.2019, 11.0, 4.5, 8.5, 985.3, 3, 4, 6.2
11.10.2019, 12.1, 6.3, 8.5, 986.4, 2, 1, 6.8
12.10.2019, 12.6, 6.9, 9.5, 989.2, 4, 1, 6.4
23.10.2019, 14.9, 7.7, 11.8, 993.8, 3, 1, 10.1
29.10.2019, 6.7, -2.1, 2.7, 987.2, , 1, 
30.10.2019, 0.8, -2.9, -1.5, 989.6, 3, 2, -5.3
31.10.2019, -1.7, -5.9, -3.3, 997.4, 2, 0, -6.8
01.11.2019, 0.8, -6.3, -2.0, 994.0, 4, 1, -6.6
02.11.2019, 2.2, -0.6, 1.1, 994.4, 2, 1, -1.7
03.11.2019, 2.7, -0.1, 1.4, 989.6, 5, 0, -3.4
04.11.2019, 8.3, 1.8, 6.2, 984.7, 4, 0, 2.8
05.11.2019, 12.8, 7.8, 10.3, 976.6, 4, 2, 7.5
06.11.2019, 12.9, 9.1, 11.3, 976.9, 4, 1, 8.6
07.11.2019, 12.2, 3.7, 7.9, 984.1, 3, 0, 5.1
08.11.2019, 8.5, 3.2, 5.1, 996.0, 1, 1, 3.6
09.11.2019, 4.7, 3.1, 4.0, 1002.5, 3, 0, 1
10.11.2019, 9.3, 3.6, 6.6, 998.5, 3, 0, 4
11.11.2019, 7.8, 4.8, 6.2, 992.5, 4, 1, 2.9
12.11.2019, 7.5, 3.2, 5.6, 998.0, 3, 0, 2.6
13.11.2019, 5.6, -1.1, 2.4, 1005.5, 2, 0, -0.3
14.11.2019, 6.7, -0.7, 2.5, 1005.1, 2, 0, -0.2
15.11.2019, 3.2, -1.2, 1.0, 1006.3, 2, 0, -1.8
16.11.2019, 2.7, -0.1, 1.9, 1004.7, 3, 0, -1.4
17.11.2019, 5.5, 0.5, 3.7, 1005.9, 2, 0, 1.2
18.11.2019, 1.0, -0.9, 0.1, 1005.0, 2, 0, -2.7
19.11.2019, 2.4, 0.6, 1.8, 1006.8, 1, 0, -0.1
20.11.2019, 3.9, -6.4, 0.1, 1014.6, 2, 0, -2.8
21.11.2019, -4.7, -8.9, -7.2, 1022.2, 2, 0, -11
22.11.2019, -3.6, -12.8, -8.1, 1021.0, 1, 0, -11.3
23.11.2019, -6.4, -11.1, -8.8, 1016.6, 1, 0, -12
24.11.2019, -1.4, -12.9, -7.2, 1012.0, 1, 0, -10.4
25.11.2019, -1.8, -11.9, -6.6, 1006.9, 1, 0, -9.8
26.11.2019, 0.3, -11.6, -4.8, 999.6, 2, 0, -8.4
27.11.2019, -1.5, -2.9, -2.3, 993.4, 2, 0, -5.7
28.11.2019, -0.6, -2.2, -1.4, 990.1, 2, 0, -4.6
29.11.2019, 2.2, -1.4, 1.6, 983.6, 3, 0, -1.7
30.11.2019, 4.1, 0.5, 2.4, 977.1, 2, 13, -0.1
01.12.2019, -0.7, -6.2, -3.3, 987.9, 3, 1, -7.3
02.12.2019, -2.3, -6.6, -4.1, 992.0, 3, 0, -8.1
03.12.2019, -1.8, -3.6, -2.8, 986.0, 1, 1, -5.4
04.12.2019, -1.6, -4.3, -2.8, 988.0, 4, 0, -7.4
05.12.2019, 1.5, -2.5, 0.8, 987.6, 4, 1, -3.2
06.12.2019, 2.1, -0.7, 0.6, 985.4, 5, 0, -4.4
07.12.2019, 1.0, -3.2, -0.9, 983.6, 4, 0, -5.4
08.12.2019, 1.8, -1.7, 0.5, 982.0, 4, 0, -3.7
09.12.2019, 3.3, 0.9, 2.2, 984.3, 4, 1, -1.8
10.12.2019, 2.3, 1.1, 1.7, 990.4, 3, 0, -1.6
11.12.2019, 2.3, 0.9, 1.6, 996.0, 1, 0, -0.4
12.12.2019, 2.0, 0.7, 1.4, 998.9, 1, 1, -0.6
13.12.2019, 0.6, -0.8, -0.1, 993.6, 3, 0, -3.7
14.12.2019, -0.1, -2.0, -1.2, 991.1, 3, 1, -4.9
15.12.2019, 1.6, -1.7, 0.3, 985.8, 3, 1, -3.1
16.12.2019, 3.2, 0.2, 1.8, 986.5, 3, 2, -1.5
17.12.2019, 2.9, 0.1, 1.7, 990.2, 3, 5, -1.6
18.12.2019, 3.8, 1.7, 3.2, 987.7, 3, 1, 0.2
19.12.2019, 5.2, 1.7, 3.7, 987.0, 5, 0, -1
20.12.2019, 0.9, -3.0, -1.4, 995.9, 2, 0, -4.5
21.12.2019, 1.9, -3.2, 0.5, 988.2, 2, 0, -2.5
22.12.2019, 4.2, 0.8, 2.2, 982.0, 3, 1, -1
23.12.2019, 6.6, 2.5, 5.2, 981.5, 3, 2, 2.5
24.12.2019, 5.4, 0.0, 1.8, 986.4, 2, 1, -0.8
25.12.2019, -0.1, -0.9, -0.6, 986.5, 2, 0, -3.5
26.12.2019, -0.9, -2.3, -1.7, 985.5, 1, 0, -4.1
27.12.2019, -1.3, -2.6, -2.1, 985.4, 1, 5, -4.6
28.12.2019, -2.7, -4.0, -3.6, 994.9, 2, 2, -6.9
29.12.2019, -3.0, -4.2, -3.6, 1004.3, 2, 1, -6.9
30.12.2019, -1.8, -4.4, -3.3, 993.4, 5, 0, -8.5
31.12.2019, 0.8, -3.5, -0.6, 973.3, 4, 3, -4.8
01.01.2020, 0.8, -4.8, -1.3, 983.0, 3, 0, -5.1
02.01.2020, 1.0, -3.7, -0.6, 987.9, 4, 1, -4.9
03.01.2020, 0.8, -1.7, 0.0, 988.6, 4, 0, -4.2
04.01.2020, -0.3, -2.6, -1.5, 980.0, 4, 0, -5.8
05.01.2020, 0.6, -2.8, -1.1, 987.1, 2, 0, -4.2
06.01.2020, -0.5, -3.3, -2.2, 1000.0, 1, 0, -4.8
07.01.2020, -1.2, -3.3, -2.4, 1000.9, 2, 0, -5.8
08.01.2020, -0.2, -3.0, -1.3, 998.4, 3, 0, -5
09.01.2020, 1.1, -1.8, -0.4, 989.8, 4, 4, -4.7
10.01.2020, 0.4, -0.6, -0.2, 991.6, 2, 0, -3.2
11.01.2020, -0.1, -1.5, -0.9, 988.3, 2, 2, -3.9
12.01.2020, -1.4, -6.7, -3.3, 992.2, 3, 0, -7.2
13.01.2020, 1.6, -2.1, 0.7, 985.5, 3, 0, -2.8
14.01.2020, 1.0, -0.6, 0.0, 995.7, 2, 0, -3
15.01.2020, 2.0, -1.4, 0.8, 1000.0, 4, 0, -3.4
16.01.2020, 1.7, 0.5, 1.2, 996.8, 5, 2, -3.6
17.01.2020, 3.1, 0.5, 1.6, 1001.2, 2, 1, -1.1
18.01.2020, 1.3, -2.8, -0.3, 1002.0, 2, 0, -3.3
19.01.2020, -1.7, -3.3, -2.4, 1002.6, 3, 0, -6.2
20.01.2020, 1.2, -2.3, 0.1, 1002.1, 3, 1, -3.4
21.01.2020, 2.8, 0.4, 1.2, 986.2, 5, 1, -3.5
22.01.2020, 2.0, -2.2, 0.3, 974.7, 3, 4, -3.3
23.01.2020, -1.9, -7.7, -4.2, 982.3, 4, 2, -9.1
24.01.2020, 0.8, -8.5, -2.7, 982.6, 4, 1, -7.3
25.01.2020, 3.1, -1.5, 1.0, 975.9, 4, 4, -3.1
26.01.2020, 0.5, -3.3, -0.9, 985.7, 4, 0, -5.4
27.01.2020, 2.2, -2.3, 0.6, 987.9, 3, 1, -2.9
28.01.2020, 0.3, -4.3, -1.6, 987.0, 2, 7, -4.7
29.01.2020, 0.3, -0.6, -0.2, 983.2, 2, 0, -3.1
30.01.2020, 0.8, -0.4, 0.1, 973.1, 2, 4, -2.7
31.01.2020, 0.9, -1.2, -0.4, 975.8, 2, 0, -3.3
01.02.2020, 0.2, -4.3, -1.1, 979.7, 1, 0, -3.5
02.02.2020, 3.5, -0.7, 1.5, 970.4, 3, 6, -1.8
03.02.2020, 2.8, 0.3, 1.6, 963.1, 4, 2, -2.4
04.02.2020, -0.8, -2.4, -1.6, 968.7, 3, 2, -5.6
05.02.2020, -1.8, -9.2, -4.8, 983.0, 2, 0, -8.4
06.02.2020, -2.6, -10.8, -6.4, 979.3, 4, 3, -11.4
07.02.2020, -8.2, -11.4, -9.5, 983.6, 3, 0, -14.1
08.02.2020, -5.7, -15.7, -11.2, 995.6, 2, 0, -15.3
09.02.2020, -2.5, -16.8, -7.7, 998.2, 4, 0, -12.8
10.02.2020, -0.5, -4.8, -2.4, 984.5, 6, 0, -8.4
11.02.2020, 1.3, -3.3, -0.6, 971.9, 5, 5, -5.5
12.02.2020, 0.6, -4.2, -1.9, 976.2, 3, 1, -5.7
13.02.2020, -1.8, -5.1, -3.6, 982.2, 1, 3, -6.3
14.02.2020, 3.1, -3.4, -0.6, 992.4, 2, 1, -3.7
15.02.2020, 3.6, -5.7, -1.1, 1001.6, 1, 0, -3.5
16.02.2020, 1.7, -5.7, -0.7, 1002.1, 3, 0, -4.3
17.02.2020, 3.6, 1.2, 2.7, 990.9, 5, 0, -2.1
18.02.2020, 3.3, 0.7, 2.2, 988.2, 3, 6, -1.1
19.02.2020, 4.5, 0.0, 1.9, 987.2, 3, 1, -1.5
20.02.2020, 5.6, -0.4, 1.7, 994.3, 2, 0, -1.1
21.02.2020, 7.3, -4.3, 1.3, 997.9, 1, 0, -0.9
22.02.2020, 6.0, -0.4, 2.7, 998.2, 4, 1, -1.6
23.02.2020, 1.4, -0.3, 0.4, 977.4, 4, 8, -3.8
24.02.2020, 4.0, -0.6, 0.9, 972.4, 2, 0, -2
25.02.2020, 3.6, -3.8, -0.9, 977.1, 3, 0, -4.9
26.02.2020, 1.8, -4.0, 0.1, 974.2, 2, 3, -2.8
27.02.2020, 3.5, 1.0, 2.2, 971.3, 2, 5, -0.4
28.02.2020, 2.6, -1.9, 0.0, 975.5, 2, 2, -3
29.02.2020, 3.6, -2.4, 0.2, 983.0, 3, 1, -3.5
01.03.2020, 4.9, -2.8, 1.8, 988.5, 3, 0, -1.9
02.03.2020, 4.8, 1.9, 3.4, 988.6, 4, 2, -0.6
03.03.2020, 4.2, 2.0, 3.1, 987.8, 2, 1, 0.5
04.03.2020, 5.8, 2.6, 4.2, 992.8, 2, 0, 1.8
05.03.2020, 9.0, 1.7, 5.0, 992.0, 4, 0, 1.3
06.03.2020, 7.1, 3.0, 5.2, 988.3, 3, 0, 2.2
07.03.2020, 7.6, 4.9, 6.4, 989.2, 2, 0, 4.3
08.03.2020, 9.2, 6.0, 7.3, 991.5, 2, 3, 5.3
09.03.2020, 9.1, 1.5, 6.1, 994.7, 1, 0, 4.6
10.03.2020, 12.5, 6.0, 8.6, 987.1, 1, 3, 7.6
11.03.2020, 10.0, 4.2, 7.0, 976.2, 2, 0, 4.9
12.03.2020, 10.3, 4.0, 6.7, 975.1, 5, 1, 2.2
13.03.2020, 7.5, 3.3, 5.1, 973.2, 6, 3, -0.3
14.03.2020, 5.0, -1.6, 1.5, 976.5, 4, 0, -2.7
15.03.2020, -2.0, -5.4, -3.7, 988.3, 4, 1, -8.5
16.03.2020, 6.0, -7.0, 0.0, 999.6, 3, 0, -4.1
17.03.2020, 9.3, -0.5, 4.7, 998.9, 3, 0, 1.1
18.03.2020, 10.0, -1.4, 4.5, 999.7, 4, 0, 0.4
19.03.2020, 12.2, 4.5, 8.2, 987.9, 4, 0, 4.5
20.03.2020, 8.5, 0.2, 3.5, 990.0, 3, 1, 0.1
21.03.2020, 1.4, -3.2, -0.6, 993.2, 2, 1, -3.7
22.03.2020, 0.5, -5.2, -2.6, 1003.4, 4, 0, -7.6
23.03.2020, 0.2, -5.7, -2.8, 1008.7, 3, 0, -7.1
24.03.2020, 3.6, -5.0, -1.1, 1008.5, 3, 0, -5.3
25.03.2020, 9.3, -6.2, 2.0, 1010.1, 3, 0, -2
26.03.2020, 15.5, -2.6, 6.4, 1008.8, 2, 0, 3.4
27.03.2020, 15.9, -2.4, 8.2, 1006.9, 1, 0, 6.1
28.03.2020, 16.8, 0.5, 9.9, 997.3, 2, 0, 7.5
29.03.2020, 16.5, 1.0, 9.7, 985.5, 2, 0, 7.1
30.03.2020, 7.3, -0.6, 4.1, 980.8, 4, 0, -0.1
31.03.2020, -1.0, -5.3, -3.1, 986.5, 3, 3, -7.1
01.04.2020, 3.1, -8.7, -0.6, 984.1, 4, 0, -5.2
02.04.2020, 6.0, 0.2, 2.4, 981.5, 4, 0, -1.8
16.04.2020, 7.9, 2.0, 4.2, 970.5, 5, 3, -0.2
13.06.2020, 13.8, 11.6, 12.5, 992.0, 3, 41, 11
14.06.2020, 19.4, 11.1, 13.2, 995.1, 3, 0, 11.5
14.07.2020, 17.7, 16.3, 17.1, 979.4, 3, 27, 16.8
22.07.2020, 23.3, 14.1, 16.6, 983.3, 3, 1, 15.8
26.08.2020, 20.1, 13.0, 17.0, 983.2, 4, 0, 15.3
18.10.2020, 10.2, 3.0, 5.8, 980.7, 5, 0, 1.6
19.10.2020, 9.5, 1.7, 4.4, 987.7, 4, 1, 0.6
01.11.2020, 6.8, 3.8, 5.1, 994.7, 4, 13, 1.7
02.11.2020, 8.0, 4.6, 6.4, 995.9, 2, 3, 4.5
03.11.2020, 8.0, 5.2, 6.7, 1000.1, 1, 0, 5.5
04.11.2020, 9.3, 6.3, 7.8, 1004.1, 2, 0, 6
05.11.2020, 7.0, 4.6, 6.3, 998.0, 3, 3, 3.6
06.11.2020, 9.5, 3.8, 5.5, 987.0, 4, 2, 2
07.11.2020, 10.5, 2.6, 5.7, 991.5, 3, 0, 2.8
08.11.2020, 9.2, 3.0, 7.3, 990.9, 3, 1, 4.8
09.11.2020, 5.2, -1.4, 1.2, 999.0, 3, 0, -2.4
10.11.2020, 4.1, -1.5, 1.8, 1000.8, 4, 0, -2.4
11.11.2020, 1.2, -2.8, -0.6, 1005.5, 2, 0, -3.6
12.11.2020, 2.7, -4.4, -1.2, 1006.8, 1, 0, -3.6
13.11.2020, 1.4, -2.3, 0.1, 1006.7, 1, 0, -2.1
14.11.2020, 0.0, -1.8, -0.8, 1003.6, 1, 0, -3.2
15.11.2020, 0.0, -1.8, -0.9, 1004.3, 2, 1, -3.9
16.11.2020, -1.2, -6.6, -3.4, 1009.2, 3, 0, -7.5
17.11.2020, -4.3, -8.7, -6.3, 1013.5, 2, 0, -10
18.11.2020, -2.4, -6.0, -3.7, 1011.7, 4, 0, -8.5
19.11.2020, -0.7, -3.2, -1.7, 1002.8, 5, 2, -6.8
20.11.2020, -0.5, -2.3, -1.3, 997.6, 4, 0, -5.7
21.11.2020, -1.0, -2.0, -1.6, 1003.2, 2, 1, -4.7
22.11.2020, -1.5, -2.3, -1.9, 997.4, 3, 1, -5.7
23.11.2020, 2.5, -2.4, 0.5, 986.7, 3, 5, -3
24.11.2020, 3.0, 1.4, 2.0, 985.6, 2, 2, -0.6
25.11.2020, 1.6, -2.3, 0.3, 990.7, 2, 3, -2.5
26.11.2020, 1.0, -3.0, -0.3, 993.9, 2, 2, -3.3
27.11.2020, 2.2, 0.2, 1.6, 987.2, 3, 0, -1.8
28.11.2020, 3.0, 0.5, 1.8, 995.9, 1, 0, -0.2
29.11.2020, 3.8, 1.2, 2.6, 1000.8, 3, 3, -0.6
30.11.2020, 2.4, -0.1, 0.9, 1003.7, 4, 1, -3.2
01.12.2020, -0.4, -2.8, -2.1, 1006.6, 2, 0, -5.4
02.12.2020, -4.0, -7.5, -5.8, 1009.9, 2, 0, -9.4
03.12.2020, -5.3, -8.2, -6.5, 1007.9, 3, 1, -10.8
04.12.2020, -4.5, -5.9, -5.1, 1009.0, 3, 2, -9.3
05.12.2020, -4.0, -9.6, -7.0, 1013.5, 2, 0, -10.8
06.12.2020, -4.0, -12.0, -8.5, 1017.7, 2, 0, -12.4
07.12.2020, -5.5, -12.7, -9.4, 1018.2, 1, 0, -12.7
08.12.2020, -3.0, -11.4, -8.1, 1015.5, 2, 0, -12
09.12.2020, -2.7, -9.9, -7.3, 1013.5, 2, 0, -11.1
10.12.2020, -4.9, -12.9, -8.3, 1010.3, 2, 0, -12.2
11.12.2020, -4.3, -10.0, -7.8, 1007.3, 2, 0, -11.7
12.12.2020, -4.2, -12.6, -9.2, 1004.3, 2, 0, -13.1
13.12.2020, -3.6, -6.6, -5.0, 1002.1, 3, 1, -9.2
14.12.2020, -4.9, -6.5, -5.6, 998.9, 3, 0, -9.7
15.12.2020, -2.8, -5.7, -3.9, 996.1, 1, 6, -6.6
16.12.2020, -2.6, -5.0, -3.3, 999.1, 2, 0, -6.5
17.12.2020, 1.2, -2.8, -0.1, 996.4, 3, 1, -3.6
18.12.2020, 1.0, -0.9, -0.2, 1000.7, 1, 1, -2.5
19.12.2020, -0.6, -2.8, -1.6, 1001.5, 2, 4, -4.7
20.12.2020, -1.0, -4.0, -2.3, 1006.0, 1, 0, -4.8
21.12.2020, -1.6, -3.7, -2.9, 1009.2, 3, 0, -6.8
22.12.2020, -2.7, -5.5, -3.9, 1006.0, 3, 1, -7.9
23.12.2020, -4.2, -10.0, -7.4, 998.9, 3, 0, -11.8
24.12.2020, -3.3, -10.0, -5.2, 993.7, 3, 0, -9.4
25.12.2020, -2.4, -6.2, -4.6, 984.2, 4, 11, -9.4
26.12.2020, 0.2, -5.0, -1.5, 983.6, 3, 0, -5.3
27.12.2020, -1.4, -7.0, -3.6, 995.5, 3, 1, -7.7
28.12.2020, -4.4, -14.6, -10.1, 1005.3, 1, 0, -13.4
29.12.2020, -3.2, -12.0, -5.9, 999.3, 4, 0, -10.8
30.12.2020, -2.0, -5.1, -2.5, 997.0, 2, 1, -5.6
31.12.2020, 0.8, -2.7, -1.2, 994.4, 3, 1, -4.8
01.01.2021, 0.5, -2.5, -0.3, 992.4, 3, 2, -3.8
02.01.2021, 1.0, -1.0, 0.3, 993.5, 3, 4, -3.2
03.01.2021, 0.8, -0.7, 0.1, 1003.8, 3, 0, -3.5
04.01.2021, -1.0, -2.8, -2.1, 1003.7, 3, 0, -5.9
05.01.2021, -1.0, -3.7, -2.2, 1002.4, 2, 0, -5.4
06.01.2021, -3.5, -4.8, -4.2, 998.0, 1, 1, -7
07.01.2021, -2.4, -5.0, -3.7, 993.6, 1, 1, -6.3
08.01.2021, -0.4, -3.5, -1.1, 984.9, 3, 2, -4.7
09.01.2021, -2.7, -5.1, -3.7, 985.5, 2, 3, -7
10.01.2021, -5.8, -7.4, -6.6, 989.1, 2, 3, -10.3
11.01.2021, -6.7, -9.0, -7.8, 994.3, 1, 1, -10.9
12.01.2021, -5.8, -12.7, -8.1, 995.1, 1, 1, -11.2
13.01.2021, -5.9, -11.0, -8.6, 990.1, 3, 2, -13.1
14.01.2021, -10.0, -11.8, -11.1, 978.7, 3, 9, -15.8
15.01.2021, -9.7, -17.0, -12.9, 983.2, 1, 0, -16.4
16.01.2021, -12.0, -14.5, -12.9, 979.8, 3, 7, -17.7
17.01.2021, -15.0, -20.6, -17.0, 987.4, 2, 2, -21.4
18.01.2021, -17.6, -24.4, -19.9, 992.2, , 0, 
19.01.2021, -12.5, -17.8, -16.1, 991.0, 1, 3, -19.8
20.01.2021, -9.8, -18.0, -13.4, 994.3, 2, 1, -17.6
21.01.2021, -5.5, -18.1, -11.6, 990.7, 3, 5, -16.3
22.01.2021, -1.0, -8.1, -2.2, 987.2, 2, 1, -5.3
23.01.2021, 1.9, -1.2, 1.2, 987.0, 2, 1, -1.5
24.01.2021, 3.0, 0.8, 1.8, 988.6, 2, 0, -0.8
25.01.2021, 3.3, 0.4, 1.1, 988.2, 3, 0, -2.4
26.01.2021, 1.6, -0.2, 1.1, 982.6, 4, 2, -3.1
27.01.2021, 1.4, -0.8, 0.3, 982.0, 4, 0, -4.1
28.01.2021, 1.4, -1.0, 0.3, 978.3, 2, 5, -2.5
29.01.2021, 0.8, -2.3, -0.3, 970.6, 4, 4, -4.7
30.01.2021, -3.0, -4.4, -3.5, 971.8, 4, 2, -8.2
31.01.2021, -3.3, , -7.1, 971.1, 3, 10, 
01.02.2021, -2.7, -29.0, -15.1, 986.2, , 0, 
02.02.2021, -10.4, -18.0, -14.2, 991.7, , 0, 
03.02.2021, -1.5, -14.7, -7.4, 986.0, 2, 0, -11.1
04.02.2021, 0.6, -1.8, -0.2, 977.3, 2, 7, -3.1
05.02.2021, -5.5, -12.8, -9.2, 980.9, 4, 5, -14.4
06.02.2021, -13.5, -17.3, -15.4, 984.4, 3, 1, -20.4
07.02.2021, -11.7, -20.9, -17.1, 988.5, 2, 0, -21.5
08.02.2021, -10.0, -20.8, -15.9, 995.7, 1, 0, -19.6
09.02.2021, -14.2, -22.7, -16.4, 991.9, 3, 6, -21.4
10.02.2021, -14.7, -18.0, -15.8, 988.2, 1, 1, -19.5
13.02.2021, -11.0, -20.4, -15.8, 979.8, , 0, 
14.02.2021, -13.3, -21.0, -16.1, 985.0, 2, 1, -20.5
15.02.2021, -11.5, -20.2, -16.9, 997.6, 1, 0, -20.7
16.02.2021, -11.6, -28.4, -18.8, 997.9, 3, 0, -24
17.02.2021, -8.0, -15.0, -11.3, 989.9, 2, 1, -15.3
18.02.2021, -10.2, -19.2, -13.8, 995.2, 2, 0, -18
19.02.2021, -14.8, -21.5, -18.8, 998.4, 2, 0, -23.3
21.02.2021, -2.2, -14.8, -5.9, 993.4, 2, 3, -9.4
22.02.2021, -4.2, -18.2, -10.7, 1001.0, 3, 1, -15.4
23.02.2021, -17.6, -24.1, -20.5, 1016.2, 2, 0, -25.2
24.02.2021, -13.1, -19.6, -15.9, 1009.1, 2, 2, -20.3
25.02.2021, 3.0, -14.2, -2.1, 992.6, 3, 3, -5.8
26.02.2021, 5.8, 2.0, 4.2, 983.5, 3, 0, 1.1
27.02.2021, 3.5, 1.6, 2.4, 983.3, 3, 0, -1.1
28.02.2021, 2.9, -1.0, 0.5, 990.8, 1, 2, -1.8
01.03.2021, 2.5, -2.8, 0.2, 997.0, 3, 0, -3.5
02.03.2021, 4.0, 0.3, 2.0, 986.2, 3, 0, -1.4
03.03.2021, 3.4, -2.0, 0.7, 989.4, 3, 0, -3.1
04.03.2021, 3.6, -0.8, 0.9, 978.1, 4, 1, -3.4
05.03.2021, 0.4, -8.5, -3.8, 984.1, 2, 1, -7.3
06.03.2021, -2.6, -9.7, -6.1, 990.2, 2, 0, -9.8
07.03.2021, -1.2, -9.7, -5.4, 976.9, 4, 2, -10.2
08.03.2021, -2.7, -7.4, -5.3, 977.7, 3, 3, -9.6
09.03.2021, -6.9, -14.0, -10.2, 990.1, 2, 0, -14.2
10.03.2021, -12.0, -20.0, -16.3, 1000.0, 2, 0, -20.7
11.03.2021, -7.7, -24.4, -15.4, 1003.8, 1, 0, -19.2
12.03.2021, -6.2, -17.2, -10.4, 996.0, 4, 0, -15.8
13.03.2021, -2.0, -7.9, -4.4, 989.4, 4, 3, -9.1
14.03.2021, 3.0, -2.4, 1.0, 986.5, 4, 1, -3.1
15.03.2021, 2.4, 1.3, 1.9, 986.6, 4, 2, -2.1
16.03.2021, 2.2, 0.1, 1.2, 990.1, 2, 3, -1.6
17.03.2021, 0.0, -1.4, -0.7, 986.7, 2, 0, -3.8
18.03.2021, 1.4, -2.2, -0.5, 983.7, 3, 0, -4.2
19.03.2021, 0.5, -2.7, -0.6, 987.2, 2, 1, -3.7
20.03.2021, 2.4, -5.0, -2.0, 989.7, 2, 0, -5.4
21.03.2021, 1.8, -6.1, -1.4, 980.0, 4, 0, -6.1
22.03.2021, 2.4, -2.4, -0.6, 977.5, 3, 1, -4.4
23.03.2021, 1.7, -2.9, -1.0, 985.4, 3, 1, -4.9
24.03.2021, 3.5, -7.0, -1.9, 994.0, 2, 0, -5.3
25.03.2021, 9.3, -8.4, 0.8, 992.3, 1, 0, -1.7
26.03.2021, 8.0, -4.0, 3.0, 992.2, 2, 0, 0.2
27.03.2021, 7.7, -0.2, 3.7, 995.8, 2, 0, 1
28.03.2021, 9.0, -4.1, 3.1, 1001.2, 1, 0, 0.8
29.03.2021, 6.5, -1.6, 2.2, 1007.0, 1, 0, -0.2
30.03.2021, 6.2, -5.6, 1.5, 1007.0, 4, 0, -2.8
31.03.2021, 3.5, 1.0, 2.4, 995.2, 4, 6, -1.5
01.04.2021, 9.0, 2.7, 5.6, 987.3, 2, 1, 3.5
14.04.2021, 21.6, 11.8, 17.0, 992.7, 3, 0, 14.6
15.04.2021, 21.8, 8.6, 16.0, 989.4, 3, 0, 13.7
16.04.2021, 21.0, 9.2, 13.3, 992.3, 2, 7, 11.8
17.04.2021, 19.0, 6.9, 11.6, 993.4, 2, 2, 9.9
18.04.2021, 11.0, 6.2, 7.9, 994.5, 2, 4, 6
19.04.2021, 7.4, 5.2, 6.2, 995.5, 4, 10, 2.9
20.04.2021, 5.5, 1.5, 3.8, 991.1, 3, 2, 0.6
21.04.2021, 7.3, 1.2, 4.1, 983.4, 2, 1, 1.6
22.04.2021, 17.0, 2.9, 10.2, 991.1, 3, 2, 7.5
23.04.2021, 16.0, 6.6, 10.7, 989.6, 3, 10, 8.4
24.04.2021, 6.9, 1.2, 3.7, 983.2, 3, 18, 0.6
25.04.2021, 6.0, -0.2, 2.6, 986.4, 4, 0, -1.6
26.04.2021, 10.0, -1.7, 3.5, 988.4, 3, 3, 0
27.04.2021, 5.0, 0.0, 2.3, 983.9, 3, 21, -1
28.04.2021, 10.0, -0.7, 5.0, 990.4, 3, 0, 1.8
29.04.2021, 13.5, 4.8, 8.8, 994.4, 2, 0, 6.3
30.04.2021, 18.5, 6.8, 12.6, 986.6, 4, 0, 9.4
01.05.2021, 11.8, 4.7, 9.1, 987.6, 3, 5, 6.5
02.05.2021, 10.5, 3.0, 7.7, 990.9, 1, 2, 6.4
03.05.2021, 21.0, 8.5, 12.7, 978.5, 3, 13, 10.8
04.05.2021, 8.2, 5.3, 6.3, 979.4, 5, 1, 1.9
05.05.2021, 17.0, 3.7, 11.4, 984.6, 4, 0, 7.8
06.05.2021, 18.0, 9.2, 13.3, 983.6, 5, 1, 9.5
07.05.2021, 18.0, 6.2, 11.6, 987.8, 3, 0, 8.8
08.05.2021, 10.0, 8.0, 9.3, 982.0, 3, 30, 7
09.05.2021, 8.1, 3.5, 6.2, 988.2, 3, 4, 3.4
10.05.2021, 17.0, 3.6, 11.1, 999.2, 3, 0, 7.8
11.05.2021, 22.0, 8.5, 15.3, 999.3, 3, 0, 13.1
12.05.2021, 13.5, 7.4, 10.8, 997.1, 2, 11, 9.4
13.05.2021, 15.5, 6.5, 11.3, 992.7, 3, 1, 9.2
14.05.2021, 21.8, 6.7, 15.3, 989.7, 2, 6, 14.4
15.05.2021, 23.0, 13.1, 17.6, 985.5, 3, 0, 16.4
16.05.2021, 26.5, 10.4, 18.2, 988.6, 2, 0, 17.3
17.05.2021, 31.0, 14.0, 22.9, 985.8, 3, 0, 21.6
18.05.2021, 31.4, 17.0, 24.1, 981.8, 3, 0, 22.3
19.05.2021, 22.4, 13.0, 17.7, 981.3, 3, 6, 16.4
20.05.2021, 18.0, 12.0, 14.7, 979.8, 3, 3, 13.3
21.05.2021, 16.7, 10.0, 12.6, 984.0, 3, 0, 10.6
22.05.2021, 20.6, 5.6, 14.7, 991.3, 2, 0, 13
27.05.2021, 23.2, 15.5, 19.0, 993.6, 2, 9, 19
29.05.2021, 25.4, 12.2, 15.1, 984.7, , 0, 
31.05.2021, 11.7, 6.2, 8.9, 994.0, 2, 1, 6.9
01.06.2021, 14.2, 2.8, 10.3, 995.0, , 0, 
29.06.2021, 25.0, 17.6, 20.0, 983.7, 3, 0, 19.6
26.08.2021, 20.2, 13.0, 16.5, 990.4, 2, 0, 16.4
06.09.2021, 13.3, 2.6, 5.7, 999.1, 1, 0, 4.1
20.09.2021, 7.4, 6.5, 6.7, 987.1, 3, 15, 4.2
28.09.2021, 7.2, 5.9, 6.5, 1003.9, 2, 1, 4.4
01.11.2021, 11.4, -1.1, 3.9, 999.0, 2, 0, 1.4
02.11.2021, 8.9, -3.3, 3.8, 995.9, 1, 1, 2
03.11.2021, 8.1, 4.3, 6.4, 993.7, 3, 1, 3.8
04.11.2021, 11.8, 6.8, 8.7, 998.5, 2, 2, 6.9
05.11.2021, 12.9, 6.8, 11.3, 995.1, 4, 1, 8.8
06.11.2021, 12.3, 6.7, 8.7, 989.8, 4, 2, 5.6
07.11.2021, 7.8, 3.5, 6.5, 988.6, 4, 2, 2.9
08.11.2021, 6.2, 3.5, 5.4, 981.4, 4, 3, 1.9
09.11.2021, 2.3, -1.9, 0.1, 991.9, 3, 1, -3.6
10.11.2021, 0.6, -3.2, -2.1, 1007.5, 2, 0, -5.4
11.11.2021, 4.7, -3.5, 2.0, 997.8, 4, 0, -2.4
12.11.2021, 4.2, -0.2, 2.0, 985.7, 3, 1, -1.4
13.11.2021, 4.7, 2.4, 3.6, 997.0, 3, 0, 0.3
14.11.2021, 2.4, 0.1, 1.2, 1003.8, 2, 0, -1.6
15.11.2021, 1.0, -5.7, -1.3, 1007.9, 2, 1, -4.5
16.11.2021, 0.8, -6.4, -3.2, 1006.9, 3, 0, -7.2
17.11.2021, 0.0, -3.9, -1.3, 1000.2, 2, 0, -4.4
18.11.2021, 0.7, -3.8, -1.3, 994.0, 3, 0, -5.1
19.11.2021, 1.7, -1.7, 0.4, 983.1, 3, 1, -3
20.11.2021, 6.1, 0.6, 2.5, 964.1, 5, 8, -2
21.11.2021, 3.6, 0.2, 2.1, 971.7, 3, 3, -1.3
22.11.2021, 0.8, -5.9, -1.5, 983.0, 2, 5, -4.7
23.11.2021, -2.2, -8.7, -5.1, 993.0, 2, 0, -8.7
24.11.2021, 0.1, -9.7, -4.7, 991.1, 4, 1, -9.5
25.11.2021, 2.5, -2.6, 1.7, 989.7, 3, 0, -1.7
26.11.2021, 2.2, 0.9, 1.5, 985.9, 4, 0, -2.6
27.11.2021, 2.7, -0.1, 1.2, 981.4, 4, 4, -2.9
28.11.2021, 4.6, 0.9, 3.1, 981.2, 3, 0, -0.1
29.11.2021, 7.3, -0.1, 4.9, 973.6, 3, 2, 2.1
30.11.2021, 10.3, -1.5, 2.6, 955.2, 7, 15, -3.3
01.12.2021, -1.1, -3.6, -2.3, 966.9, 4, 1, -6.9
02.12.2021, 0.2, -7.1, -3.2, 976.0, 4, 3, -7.9
03.12.2021, 2.9, -2.8, 1.3, 976.5, 3, 3, -2.1
04.12.2021, -0.8, -5.2, -2.3, 983.0, 4, 2, -6.8
05.12.2021, -2.2, -6.2, -3.4, 989.8, 2, 0, -6.7
06.12.2021, -2.0, -5.0, -3.6, 994.7, 2, 0, -6.9
07.12.2021, 1.1, -4.0, -0.3, 988.5, 3, 16, -3.8
08.12.2021, 0.1, -5.5, -2.3, 991.2, 2, 13, -5.4
09.12.2021, -5.9, -8.9, -6.9, 997.0, 2, 0, -10.5
10.12.2021, -9.1, -13.9, -11.7, 1004.3, 1, 0, -15.1
11.12.2021, -6.1, -16.1, -11.6, 1005.7, , 0, 
12.12.2021, -2.2, -11.8, -3.5, 1005.8, 1, 1, -6.1
13.12.2021, -2.1, -4.4, -3.5, 1001.4, , 0, 
14.12.2021, -2.1, -3.8, -2.8, 999.2, , 4, 
15.12.2021, -1.8, -2.9, -2.3, 997.4, 1, 0, -4.8
16.12.2021, 1.0, -3.3, -0.5, 987.8, 3, 3, -4
17.12.2021, 1.2, -0.3, 0.4, 986.1, 2, 1, -2.4
18.12.2021, -0.6, -3.0, -1.7, 988.0, 2, 0, -4.8
19.12.2021, -0.3, -3.1, -1.9, 964.3, 3, 7, -5.6
20.12.2021, -3.1, -12.3, -7.9, 970.0, 3, 1, -12.3
21.12.2021, -11.8, -20.4, -16.7, 982.2, 2, 0, -21.1
22.12.2021, -18.2, -23.0, -20.2, 988.0, 1, 1, -24.2
23.12.2021, -11.3, -24.1, -16.0, 990.5, 3, 0, -21
24.12.2021, -10.9, -15.2, -13.5, 983.9, 4, 0, -19
25.12.2021, -5.1, -15.3, -8.7, 971.2, 4, 7, -13.8
26.12.2021, -6.4, -11.7, -9.3, 979.0, 4, 0, -14.5
27.12.2021, -7.7, -16.1, -11.4, 991.3, 3, 0, -16.1
28.12.2021, -6.4, -14.0, -9.1, 999.4, 2, 0, -12.9
29.12.2021, -9.7, -14.7, -11.1, 997.0, 2, 0, -15.1
30.12.2021, -6.7, -10.5, -7.7, 993.4, 1, 0, -10.8
31.12.2021, -2.4, -7.3, -4.4, 985.6, 2, 1, -7.8
01.01.2022, -0.4, -3.7, -1.4, 976.7, 2, 5, -4.4
02.01.2022, -3.7, -8.2, -6.7, 986.4, 3, 2, -11
03.01.2022, -7.2, -9.8, -8.5, 976.4, 2, 1, -12.3
04.01.2022, -7.9, -10.4, -9.0, 977.7, 1, 0, -12.2
05.01.2022, 1.1, -9.0, -3.7, 972.5, 3, 12, -7.6
06.01.2022, 1.1, -0.4, 0.3, 972.7, 2, 7, -2.5
07.01.2022, 0.2, -5.5, -3.1, 979.7, 4, 4, -7.7
08.01.2022, -3.7, -7.4, -5.5, 995.7, 3, 1, -9.7
09.01.2022, -5.8, -9.6, -7.4, 992.9, 2, 3, -11.1
10.01.2022, -4.0, -7.8, -5.5, 988.6, 2, 18, -9
11.01.2022, -6.3, -12.4, -9.3, 998.2, 4, 1, -14.5
12.01.2022, -12.2, -14.7, -13.3, 998.6, 3, 3, -18.1
13.01.2022, -7.1, -20.5, -14.2, 986.1, 3, 1, -19.1
14.01.2022, 0.7, -12.4, -0.8, 958.4, 5, 12, -5.7
15.01.2022, -1.4, -3.0, -2.4, 967.5, 4, 2, -6.9
16.01.2022, -2.1, -9.0, -4.5, 983.0, 2, 0, -8
17.01.2022, -1.1, -9.1, -4.2, 968.3, 4, 2, -8.9
18.01.2022, -0.2, -6.6, -3.1, 975.7, 4, 6, -7.7
19.01.2022, -7.2, -12.1, -8.7, 990.6, 2, 0, -12.5
20.01.2022, -3.6, -9.2, -4.9, 982.2, 5, 0, -10.3
21.01.2022, -4.3, -6.0, -5.4, 974.3, 3, 8, -9.5
22.01.2022, -2.1, -5.8, -3.4, 980.6, 1, 3, -6
23.01.2022, -3.4, -5.0, -4.3, 999.7, 1, 0, -7
24.01.2022, -4.8, -8.0, -6.2, 1007.1, 2, 0, -9.8
25.01.2022, -7.8, -9.8, -8.8, 995.8, 2, 0, -12.6
26.01.2022, -5.9, -11.1, -8.0, 989.2, 1, 1, -11.1
27.01.2022, -5.4, -14.1, -8.5, 989.3, 2, 1, -12.3
28.01.2022, -4.6, -10.0, -6.6, 981.0, 3, 2, -10.9
29.01.2022, -0.6, -5.8, -2.4, 979.1, 1, 6, -4.9
30.01.2022, -2.7, -4.6, -3.6, 972.3, 3, 2, -7.6
31.01.2022, -0.3, -3.8, -1.3, 966.7, 2, 6, -4.3
01.02.2022, -0.4, -4.4, -2.3, 973.1, 4, 2, -6.8
02.02.2022, -2.4, -7.6, -5.3, 981.6, 2, 0, -8.8
03.02.2022, -3.1, -11.4, -6.8, 986.0, 1, 0, -9.8
04.02.2022, -3.6, -10.9, -7.1, 987.5, 2, 0, -10.8
05.02.2022, -4.9, -18.2, -12.9, 987.4, 1, 0, -16.4
06.02.2022, -1.2, -15.3, -5.7, 979.4, 1, 4, -8.5
07.02.2022, 0.3, -2.8, -0.6, 978.4, 3, 1, -4.2
08.02.2022, 1.9, -1.1, 0.5, 982.1, 2, 2, -2.4
09.02.2022, 1.3, -2.1, -0.9, 984.0, 2, 0, -4
10.02.2022, 1.9, -1.4, 0.0, 984.0, 3, 1, -3.6
11.02.2022, 0.4, -2.9, -1.0, 985.5, 2, 3, -4.1
12.02.2022, 1.0, -7.7, -2.7, 992.2, 2, 0, -6
13.02.2022, -0.5, -8.4, -2.8, 997.9, 3, 0, -6.9
14.02.2022, -0.1, -7.5, -3.8, 994.8, 4, 0, -8.5
15.02.2022, 1.3, -7.8, -3.7, 997.6, 3, 0, -7.8
16.02.2022, 0.0, -8.6, -3.1, 994.0, 3, 0, -7.1
17.02.2022, 2.3, -2.2, 1.2, 975.2, 5, 0, -3.5
18.02.2022, 2.6, 0.7, 1.7, 970.4, 3, 6, -1.7
19.02.2022, 1.9, -1.6, 0.4, 975.9, 4, 2, -3.8
20.02.2022, 2.6, 0.0, 1.4, 976.0, 4, 1, -2.8
21.02.2022, 3.0, -1.7, 0.7, 977.4, 3, 1, -2.8
22.02.2022, 5.0, 1.0, 2.8, 975.0, 5, 3, -1.8
23.02.2022, 2.1, -0.7, 0.8, 984.5, 3, 0, -2.8
24.02.2022, 3.1, -2.7, -0.7, 997.7, 2, 0, -3.9
25.02.2022, 1.9, -6.9, -2.6, 996.4, 2, 0, -5.9
26.02.2022, 0.9, -5.3, -1.9, 996.6, 1, 0, -4.4
27.02.2022, 1.4, -3.5, -0.6, 1005.2, 3, 0, -4.5
28.02.2022, -0.4, -3.8, -2.1, 1007.0, 2, 0, -5.4
01.03.2022, 3.5, -6.8, -2.2, 1006.6, 1, 0, -5
02.03.2022, 5.6, -11.2, -3.0, 999.3, , 0, 
03.03.2022, 2.5, -5.5, -1.4, 987.9, 1, 0, -3.9
04.03.2022, -0.8, -4.5, -2.6, 985.0, 3, 0, -6.5
05.03.2022, -0.3, -3.4, -1.5, 989.1, 4, 0, -6.1
06.03.2022, 0.9, -8.7, -3.1, 989.7, 3, 0, -7.2
07.03.2022, -0.2, -4.4, -2.2, 985.1, 1, 0, -4.9
08.03.2022, 0.8, -7.9, -3.6, 989.7, 3, 0, -7.6
09.03.2022, -4.9, -10.5, -7.0, 998.3, 4, 0, -12.1
10.03.2022, -5.7, -13.9, -9.2, 1007.1, 4, 0, -14.6
11.03.2022, -0.2, -12.5, -6.8, 1005.5, 2, 0, -10.7
12.03.2022, -2.5, -12.3, -6.3, 998.2, 1, 1, -9.3
13.03.2022, 0.6, -10.6, -3.1, 1002.2, 2, 0, -6.5
14.03.2022, 3.9, -2.6, 0.7, 1000.0, 2, 0, -2.3
15.03.2022, 0.5, -5.8, -2.7, 1007.1, 2, 0, -6.2
16.03.2022, -1.3, -10.1, -5.3, 1010.7, 2, 0, -9
17.03.2022, -1.5, -10.2, -6.0, 1015.5, 2, 0, -9.8
18.03.2022, 3.0, -14.1, -4.8, 1017.3, 1, 0, -7.9
19.03.2022, 6.7, -9.4, -1.7, 1016.3, 1, 0, -4.5
20.03.2022, 7.4, -7.5, 0.8, 1012.2, 2, 0, -2.4
21.03.2022, 11.3, -0.2, 5.3, 1008.1, 2, 0, 2.4
22.03.2022, 11.9, -3.5, 4.2, 1007.9, 2, 0, 1.2
23.03.2022, 10.8, -4.6, 2.7, 1001.3, 1, 0, 0.2
24.03.2022, 9.5, -5.4, 2.4, 992.8, 1, 0, 0.1
25.03.2022, 11.5, -4.4, 3.9, 993.4, 1, 0, 1.6
26.03.2022, 7.9, 0.9, 3.6, 975.8, 4, 2, -0.4
27.03.2022, -1.0, -5.2, -3.2, 979.4, 5, 2, -8.7
28.03.2022, 5.9, -8.3, -1.9, 979.8, 4, 2, -6.6
29.03.2022, 6.6, 0.0, 2.3, 973.3, 3, 1, -1.1
30.03.2022, 2.6, -2.5, 0.0, 982.2, 2, 0, -3.3
31.03.2022, 1.2, -3.6, -0.4, 984.9, 1, 3, -2.7
01.04.2022, 1.2, -0.6, 0.3, 983.5, 3, 4, -3.2
02.04.2022, 0.4, -0.3, 0.1, 972.5, 3, 9, -3.4
03.04.2022, 0.2, -1.1, -0.5, 971.2, 3, 10, -4.1
04.04.2022, 4.0, -4.9, -0.5, 980.4, 2, 0, -3.8
05.04.2022, 3.9, -2.8, 1.4, 978.5, 4, 0, -3
06.04.2022, 5.8, -0.5, 2.3, 978.0, 3, 1, -1.2
07.04.2022, 11.7, -1.3, 6.1, 980.8, 3, 0, 3.1
08.04.2022, 14.4, 6.8, 10.6, 975.8, 3, 0, 7.8
09.04.2022, 12.5, 4.8, 8.7, 979.3, 3, 3, 6
10.04.2022, 10.3, 4.7, 7.1, 981.5, 2, 9, 5.1
21.04.2022, 12.8, 6.0, 7.6, 991.2, 3, 16, 4.9
27.05.2022, 15.2, 8.8, 10.1, 977.5, 2, 11, 8.6
29.05.2022, 16.1, 6.1, 10.6, 988.8, 2, 1, 9
12.07.2022, 24.0, 17.5, 20.7, 986.4, 3, 1, 19.8
25.09.2022, 8.2, 4.6, 6.9, 977.5, 3, 10, 4.4
29.09.2022, 15.5, 6.5, 8.8, 985.2, 1, 0, 7.9
10.10.2022, 12.0, 8.0, 9.6, 996.5, 3, 1, 7.1
30.10.2022, 11.6, 1.8, 7.8, 976.5, 3, 4, 5
31.10.2022, 2.8, -1.5, 0.7, 981.7, 4, 1, -3.5
01.11.2022, 2.9, -0.5, 0.8, 990.8, 2, 0, -2.2
02.11.2022, 3.8, -0.3, 2.1, 989.4, 2, 1, -0.6
03.11.2022, -0.8, -2.6, -1.6, 991.5, 2, 0, -4.7
04.11.2022, -0.7, -3.4, -1.9, 992.6, 1, 0, -4.4
05.11.2022, 0.6, -1.4, -0.2, 1000.0, 1, 0, -2.5
06.11.2022, 0.6, -1.6, -0.8, 1003.5, 2, 0, -3.9
07.11.2022, 1.9, -0.9, 1.1, 998.9, 3, 1, -2.3
08.11.2022, 4.6, 1.3, 3.6, 993.5, 3, 2, 0.5
09.11.2022, 7.7, 4.1, 6.2, 995.4, 3, 0, 3.6
10.11.2022, 8.3, 4.5, 6.6, 997.5, 3, 0, 3.9
11.11.2022, 7.6, 4.6, 6.0, 998.0, 3, 0, 3.3
12.11.2022, 10.9, 6.6, 9.1, 990.2, 5, 1, 5.5
13.11.2022, 9.9, 3.9, 6.8, 989.7, 5, 1, 2.5
14.11.2022, 1.8, -5.3, -0.8, 998.9, 3, 0, -4.7
15.11.2022, -0.9, -6.8, -3.2, 994.0, 2, 1, -6.5
16.11.2022, -2.5, -4.3, -3.4, 988.0, 3, 2, -7.4
17.11.2022, -2.7, -7.6, -4.9, 984.6, 3, 0, -9
18.11.2022, -4.7, -5.6, -5.1, 983.5, 3, 0, -9.2
19.11.2022, -4.0, -5.4, -4.9, 991.2, 2, 1, -8.4
20.11.2022, -3.8, -5.5, -4.1, 995.3, 2, 5, -7.5
21.11.2022, -1.9, -4.5, -3.4, 992.5, 2, 0, -6.7
22.11.2022, 1.5, -3.9, 0.4, 982.0, 2, 10, -2.4
23.11.2022, 0.7, 0.2, 0.4, 982.2, 1, 4, -1.7
24.11.2022, 0.1, -3.9, -1.8, 992.0, 2, 1, -4.9
25.11.2022, -4.0, -5.5, -4.7, 999.4, 3, 1, -8.7
26.11.2022, -3.1, -4.2, -3.7, 1004.0, 2, 1, -7
27.11.2022, -1.7, -3.8, -2.7, 1006.6, 3, 1, -6.5
28.11.2022, -2.3, -4.5, -3.8, 1011.5, 3, 1, -7.7
29.11.2022, -5.2, -8.4, -7.2, 1015.5, 2, 0, -10.9
30.11.2022, -6.5, -10.6, -9.1, 1016.3, 1, 0, -12.3
03.12.2022, -6.4, -10.3, -8.0, 1019.4, 2, 0, -11.7
04.12.2022, -7.1, -11.6, -10.1, 1022.7, 2, 0, -14.1
05.12.2022, -7.9, -13.3, -11.1, 1017.2, 2, 0, -15.1
06.12.2022, -5.3, -12.6, -9.6, 1008.3, 1, 0, -12.9
07.12.2022, -8.0, -11.7, -9.9, 1002.4, 3, 0, -14.5
08.12.2022, -4.8, -9.9, -7.3, 997.1, 3, 3, -11.6
09.12.2022, -0.5, -6.1, -3.2, 993.8, 1, 2, -5.8
10.12.2022, 1.0, -2.6, 0.3, 986.9, 1, 6, -1.8
11.12.2022, 3.6, 0.2, 2.2, 983.7, 2, 8, -0.3
12.12.2022, 2.9, 1.0, 2.2, 980.4, 4, 20, -1.7
13.12.2022, 2.1, -2.8, 0.3, 982.5, 3, 13, -3.1
14.12.2022, -2.6, -7.1, -4.5, 983.5, 2, 18, -7.9
15.12.2022, -4.1, -10.9, -7.4, 995.5, 2, 5, -11
16.12.2022, -1.2, -6.0, -2.5, 996.6, 2, 1, -5.7
17.12.2022, 0.1, -4.0, -1.6, 992.3, 2, 4, -4.6
18.12.2022, 0.0, -8.0, -4.2, 989.5, 3, 21, -8.2
19.12.2022, -5.0, -12.0, -7.6, 1004.2, 3, 0, -11.9
20.12.2022, -4.6, -10.4, -6.7, 998.9, 3, 0, -11
21.12.2022, -0.2, -6.0, -2.7, 992.4, 2, 0, -5.9
22.12.2022, 0.7, -2.2, 0.5, 985.9, 3, 7, -2.9
23.12.2022, 1.9, 0.3, 1.2, 984.4, 3, 2, -2.1
24.12.2022, 2.0, 0.6, 1.4, 985.2, 3, 2, -1.9
25.12.2022, 0.7, -5.0, -2.1, 997.1, 2, 1, -5.3
26.12.2022, -5.0, -6.4, -5.6, 1003.1, 2, 0, -9.2
27.12.2022, -0.6, -6.6, -2.4, 992.2, 3, 6, -6.2
28.12.2022, -0.7, -2.2, -1.2, 985.7, 2, 4, -4.2
29.12.2022, -0.2, -3.2, -1.1, 991.6, 2, 0, -4.1
30.12.2022, 1.1, -0.6, 0.4, 989.0, 2, 3, -2.4
31.12.2022, 1.4, 0.1, 0.9, 990.7, 3, 9, -2.5
01.01.2023, 6.4, 0.3, 2.9, 984.4, 3, 4, -0.2
02.01.2023, 6.8, -4.2, 1.4, 990.3, 3, 0, -2.2
03.01.2023, 4.5, -4.5, 1.7, 984.2, 3, 12, -1.6
04.01.2023, 1.1, -2.5, -1.2, 986.4, 4, 0, -5.6
05.01.2023, -1.8, -7.8, -3.6, 980.5, 3, 3, -7.6
06.01.2023, -13.4, -22.1, -18.6, 991.3, 3, 0, -23.8
07.01.2023, -19.4, -24.3, -22.4, 1003.0, 1, 0, -26.5
08.01.2023, -14.6, -23.4, -19.1, 1006.8, 1, 0, -23
09.01.2023, -13.4, -19.3, -16.4, 1009.0, 3, 0, -21.4
10.01.2023, -11.6, -16.5, -13.4, 1013.4, 3, 0, -18.3
11.01.2023, -10.0, -14.7, -12.1, 1011.8, 3, 0, -16.9
12.01.2023, -6.3, -10.8, -8.5, 1004.6, 4, 0, -13.6
13.01.2023, -3.7, -7.4, -4.8, 1000.4, 4, 0, -9.6
14.01.2023, -2.4, -3.9, -3.2, 1000.3, 4, 0, -7.8
15.01.2023, -2.8, -4.6, -3.7, 999.0, 3, 0, -7.7
16.01.2023, -3.1, -5.7, -4.5, 992.9, 3, 0, -8.5
17.01.2023, 2.1, -3.8, -0.4, 991.2, 3, 1, -4
18.01.2023, 1.4, -0.8, 0.3, 991.4, 4, 2, -3.9
19.01.2023, 2.3, -0.7, 1.4, 992.4, 4, 4, -2.6
20.01.2023, 3.9, -0.3, 2.1, 997.2, 3, 0, -1.4
21.01.2023, -1.4, -5.2, -3.6, 1005.8, 3, 0, -7.8
22.01.2023, -2.6, -5.3, -3.9, 1011.1, 1, 0, -6.6
23.01.2023, -2.6, -9.2, -5.0, 1015.3, 1, 0, -7.8
24.01.2023, -6.3, -11.9, -8.6, 1012.4, 1, 0, -11.7
25.01.2023, -3.0, -7.5, -4.7, 1005.8, 2, 0, -8.1
26.01.2023, -4.4, -6.7, -5.7, 999.5, 4, 0, -10.5
27.01.2023, -1.0, -6.9, -3.3, 997.5, 3, 0, -7.3
28.01.2023, -1.8, -3.4, -2.8, 997.6, 1, 0, -5.4
29.01.2023, -3.3, -4.4, -3.9, 990.8, 2, 0, -7.3
30.01.2023, -0.8, -4.7, -2.7, 979.7, 4, 0, -7.3
31.01.2023, -1.3, -2.9, -1.9, 978.4, 3, 1, -5.7
01.02.2023, -0.9, -1.9, -1.3, 981.7, 2, 0, -4.4
02.02.2023, -0.6, -1.8, -1.3, 983.2, 3, 0, -5.1
03.02.2023, 1.1, -1.5, -0.1, 985.2, 2, 3, -3
04.02.2023, 1.7, -2.3, -0.9, 990.7, 1, 1, -3.3
05.02.2023, 0.0, -6.5, -3.0, 1000.3, 1, 0, -5.6
06.02.2023, -3.6, -5.7, -4.6, 1005.3, 2, 0, -8.1
07.02.2023, -4.5, -14.2, -8.3, 1013.6, 1, 0, -11.5
08.02.2023, -5.0, -16.6, -9.6, 1015.8, 2, 0, -13.5
09.02.2023, -0.7, -5.8, -3.1, 1009.0, 1, 1, -5.7
10.02.2023, -0.1, -3.6, -2.2, 998.5, 4, 0, -6.8
11.02.2023, -1.1, -3.6, -2.4, 990.2, 5, 0, -7.6
12.02.2023, -1.9, -6.2, -3.9, 988.0, 4, 6, -8.6
13.02.2023, -0.2, -10.7, -4.4, 989.0, 3, 1, -8.4
14.02.2023, 1.3, -1.3, 0.1, 984.5, 3, 4, -3.5
15.02.2023, -2.1, -4.1, -3.2, 996.0, 4, 2, -7.9
16.02.2023, -2.7, -8.8, -5.5, 999.0, 2, 0, -9.1
17.02.2023, -3.9, -14.8, -9.7, 997.7, 1, 0, -12.9
18.02.2023, -6.8, -14.9, -8.8, 983.9, 3, 2, -13.3
19.02.2023, -3.7, -8.6, -6.3, 973.0, 2, 5, -9.9
20.02.2023, -0.8, -6.6, -4.0, 971.3, 1, 1, -6.7
21.02.2023, -6.2, -14.9, -9.3, 968.8, 2, 2, -13.2
22.02.2023, -10.7, -18.4, -14.6, 983.8, 3, 0, -19.5
23.02.2023, -6.3, -17.0, -12.2, 992.8, 3, 0, -17
24.02.2023, -2.6, -11.5, -5.9, 983.6, 3, 2, -10.2
25.02.2023, 1.5, -3.8, 0.6, 974.2, 3, 5, -2.9
26.02.2023, 2.7, -1.9, 1.1, 975.2, 5, 5, -3.8
27.02.2023, -2.5, -4.6, -3.9, 993.8, 3, 0, -8
28.02.2023, 0.1, -8.4, -3.4, 991.1, 4, 0, -8.1
01.03.2023, -1.5, -7.2, -3.6, 986.1, 3, 0, -7.8
02.03.2023, -0.2, -6.3, -3.3, 985.3, 3, 0, -7.4
03.03.2023, 2.3, -3.1, -0.2, 978.5, 3, 0, -3.9
04.03.2023, 1.0, -4.4, -1.2, 970.6, 3, 5, -4.9
05.03.2023, -1.0, -4.2, -2.3, 969.4, 3, 1, -6.2
06.03.2023, -0.2, -5.2, -3.2, 977.0, 3, 3, -7.2
07.03.2023, 0.4, -7.2, -3.0, 979.7, 3, 6, -7
08.03.2023, 1.5, -4.9, -1.1, 978.0, 3, 5, -4.9
09.03.2023, 2.6, -3.6, -1.0, 974.9, 2, 4, -4.1
10.03.2023, -1.7, -8.9, -4.6, 980.7, 1, 4, -7.4
11.03.2023, 1.8, -9.0, -2.7, 980.8, 4, 1, -7.3
12.03.2023, 6.2, -2.9, 2.3, 967.6, 4, 11, -1.6
13.03.2023, 0.0, -7.8, -2.9, 988.2, 3, 1, -6.9
14.03.2023, 5.6, -3.9, 2.9, 989.5, 5, 0, -2
15.03.2023, 6.4, 1.7, 3.4, 990.0, 3, 0, -0
16.03.2023, 2.6, 0.9, 1.6, 989.0, 1, 13, -0.4
17.03.2023, 4.0, -1.2, 1.5, 998.3, 3, 1, -2.2
18.03.2023, 2.8, -4.5, -0.8, 1007.5, 3, 0, -4.9
19.03.2023, 3.5, -6.5, -0.9, 1001.1, 1, 0, -3.5
20.03.2023, 3.2, -0.3, 1.2, 994.3, 1, 0, -1.1
21.03.2023, 9.3, -0.4, 4.4, 987.3, 2, 0, 1.6
22.03.2023, 7.8, 3.0, 4.6, 990.8, 1, 0, 2.7
23.03.2023, 12.3, 0.9, 7.8, 989.2, 3, 0, 4.8
24.03.2023, 10.6, 4.6, 7.8, 982.0, 3, 2, 5.2
25.03.2023, 16.2, -0.2, 8.4, 979.8, 2, 4, 6.6
26.03.2023, 8.6, 5.1, 7.3, 975.7, 3, 5, 4.8
27.03.2023, 11.1, 0.9, 5.0, 977.5, 2, 2, 2.7
28.03.2023, 12.3, -2.5, 5.3, 983.5, 2, 0, 2.8
29.03.2023, 8.7, 5.1, 6.7, 980.5, 3, 7, 3.9
30.03.2023, 5.5, 0.3, 2.8, 985.9, 2, 0, 0.1
31.03.2023, 1.5, -0.3, 0.6, 980.3, 3, 1, -2.9
01.04.2023, 6.2, 0.0, 4.0, 982.1, 2, 5, 1.6
02.04.2023, 12.2, 4.8, 8.1, 988.1, 2, 0, 5.9
03.04.2023, 14.8, 3.8, 8.4, 989.4, 2, 4, 6.4
04.04.2023, 16.1, 5.0, 9.8, 990.4, 1, 1, 8.4
05.04.2023, 15.8, 2.4, 9.6, 993.5, 2, 0, 7.5
06.04.2023, 16.3, 6.2, 10.3, 996.3, 3, 0, 7.5
07.04.2023, 11.9, 3.0, 6.8, 998.6, 3, 0, 3.4
02.05.2023, 15.2, -0.8, 8.2, 999.1, 2, 0, 5.6
24.05.2023, 22.4, 13.3, 17.2, 991.0, 1, 2, 17.5
21.06.2023, 21.5, 10.3, 15.2, 993.1, 2, 1, 13.8
07.07.2023, 30.8, 18.8, 23.0, 991.6, 1, 14, 24.8
03.08.2023, 29.0, 16.9, 22.4, 985.8, 1, 0, 23.7
13.08.2023, 18.6, 15.8, 17.0, 991.0, 3, 0, 16.3
22.08.2023, 20.3, 10.2, 14.8, 987.4, 0, 1, 15.7
27.10.2023, 0.1, -2.7, -0.8, 978.3, 2, 9, -3.7
28.10.2023, 1.1, 0.0, 0.6, 968.5, 3, 14, -2.8
29.10.2023, 1.3, -0.2, 0.4, 982.9, 3, 2, -3.1
30.10.2023, 11.9, -0.5, 7.1, 987.1, 3, 0, 4.3
31.10.2023, 14.7, 5.5, 10.9, 989.0, 2, 0, 9.5
01.11.2023, 17.8, 9.9, 13.4, 983.4, 3, 0, 11.5
02.11.2023, 11.4, 3.1, 7.7, 979.1, 3, 31, 5.3
03.11.2023, 3.3, 1.7, 2.7, 992.1, 2, 0, 0
04.11.2023, 7.1, 1.4, 3.9, 989.9, 4, 0, 0.2
05.11.2023, 12.8, 5.5, 10.3, 979.2, 4, 2, 7.5
06.11.2023, 11.1, 8.6, 10.1, 974.4, 3, 5, 8
07.11.2023, 10.8, 7.9, 9.2, 982.1, 4, 1, 6.2
08.11.2023, 8.5, 4.0, 6.3, 987.3, 1, 1, 4.9
09.11.2023, 8.4, 2.6, 5.4, 984.3, 2, 0, 3.2
10.11.2023, 7.7, 3.4, 5.3, 993.7, 2, 0, 3
11.11.2023, 6.3, 2.5, 4.1, 992.7, 3, 0, 1
12.11.2023, 9.5, 3.2, 5.9, 973.9, 4, 4, 2.5
13.11.2023, 5.3, 2.2, 3.8, 974.6, 5, 5, -0.6
14.11.2023, 5.0, 2.2, 3.8, 979.4, 4, 1, -0
15.11.2023, 4.5, 0.2, 2.1, 979.0, 0, 0, 0.8
16.11.2023, 4.1, 0.4, 2.3, 984.5, 1, 0, 0.4
17.11.2023, 0.1, -4.0, -2.2, 993.8, 3, 2, -6.1
18.11.2023, -3.8, -9.6, -6.9, 1000.6, 1, 0, -10
19.11.2023, -6.2, -11.9, -8.3, 997.7, 1, 0, -11.4
20.11.2023, -4.6, -7.3, -5.7, 988.4, 3, 1, -9.9
21.11.2023, -7.2, -9.5, -8.2, 987.4, 2, 1, -12
22.11.2023, -6.5, -9.6, -8.6, 991.5, 2, 0, -12.5
23.11.2023, -7.1, -10.6, -8.0, 978.5, 3, 2, -12.4
24.11.2023, 1.4, -8.3, -1.1, 954.0, 2, 12, -4.1
25.11.2023, 1.2, -3.6, -0.8, 969.8, 3, 0, -4.5
26.11.2023, -1.8, -4.0, -2.6, 974.2, 3, 3, -6.5
27.11.2023, 3.5, -3.5, -0.1, 959.6, 4, 26, -4.3
28.11.2023, -4.1, -5.7, -4.8, 979.0, 3, 2, -9
29.11.2023, -0.2, -8.7, -3.4, 984.4, 3, 3, -7.3
30.11.2023, 0.5, -5.1, -2.9, 980.7, 4, 8, -7.5
01.12.2023, -3.6, -5.5, -4.4, 980.7, 2, 7, -7.8
02.12.2023, -2.9, -11.0, -6.6, 984.3, 1, 1, -9.6
03.12.2023, -5.3, -11.4, -6.5, 981.2, 2, 14, -10.1
04.12.2023, -6.3, -11.1, -7.8, 988.6, 3, 1, -12.2
05.12.2023, -4.1, -11.7, -7.1, 996.5, 1, 2, -10.1
06.12.2023, -6.6, -13.9, -9.6, 1005.1, 1, 0, -12.8
07.12.2023, -8.6, -13.7, -11.6, 1010.8, 2, 0, -15.6
08.12.2023, -12.0, -14.5, -13.1, 1010.2, 2, 0, -17.2
09.12.2023, -10.8, -13.6, -12.4, 1005.0, 3, 3, -17.1
10.12.2023, -8.4, -12.5, -9.2, 1001.3, 3, 2, -13.7
11.12.2023, -6.3, -8.9, -7.1, 998.4, 3, 5, -11.4
12.12.2023, -6.2, -9.1, -7.3, 994.6, 4, 6, -12.3
13.12.2023, -10.1, -12.0, -11.7, 996.9, 4, 2, -17.1
14.12.2023, -7.3, -12.1, -10.5, 995.4, 3, 4, -15.1
15.12.2023, -3.7, -10.9, -7.5, 987.2, 3, 16, -11.8
16.12.2023, -3.2, -11.1, -5.2, 996.7, 2, 0, -8.7
17.12.2023, 2.0, -4.3, -0.9, 988.2, 3, 1, -4.6
18.12.2023, 1.9, -0.1, 1.1, 986.3, 3, 1, -2.3
19.12.2023, 2.7, 0.9, 1.7, 983.3, 4, 1, -2.2
20.12.2023, 2.9, 0.7, 2.0, 977.5, 3, 2, -1.2
21.12.2023, 2.1, 0.5, 1.4, 973.0, 3, 4, -2
22.12.2023, 1.4, -0.8, 0.1, 967.2, 3, 0, -3.4
23.12.2023, 1.8, -1.5, 0.5, 961.0, 2, 1, -2.4
24.12.2023, -0.3, -2.1, -1.0, 964.6, 2, 1, -4
25.12.2023, -0.8, -2.5, -1.6, 968.0, 3, 1, -5.4
26.12.2023, 1.3, -3.7, -0.6, 968.2, 3, 3, -4.3
27.12.2023, 0.0, -5.5, -1.3, 974.9, 1, 3, -3.7
28.12.2023, -1.7, -4.4, -3.1, 987.5, 2, 2, -6.4
29.12.2023, 1.9, -4.6, -0.5, 980.8, 2, 1, -3.4
30.12.2023, 4.2, 1.3, 3.0, 977.4, 3, 1, -0.2
31.12.2023, 2.0, -6.9, -0.2, 976.4, 4, 7, -4.4
01.01.2024, -8.0, -11.2, -9.4, 989.0, 2, 0, -13.3
02.01.2024, -12.7, -21.0, -16.2, 985.4, 4, 1, -21.9
03.01.2024, -20.0, -23.8, -22.3, 985.9, 2, 0, -27
04.01.2024, -21.0, -25.6, -23.4, 982.9, 2, 0, -28.2
05.01.2024, -18.2, -23.3, -21.1, 985.0, 2, 0, -25.8
06.01.2024, -8.8, -20.8, -13.4, 987.8, 1, 2, -16.9
07.01.2024, -17.6, -22.1, -20.0, 998.1, 1, 0, -24
08.01.2024, -18.7, -26.3, -21.9, 1001.5, 1, 0, -26
09.01.2024, -6.8, -21.0, -10.3, 992.4, 3, 3, -14.9
10.01.2024, -1.6, -13.2, -7.4, 987.8, 3, 6, -11.8
11.01.2024, 0.9, -13.4, -4.9, 971.8, 4, 9, -9.7
12.01.2024, -10.2, -18.0, -13.6, 981.9, 3, 1, -18.5
13.01.2024, -17.7, -27.6, -23.5, 990.7, 1, 0, -27.6
14.01.2024, -8.4, -29.1, -16.3, 981.7, 2, 1, -20.7
15.01.2024, -1.7, -10.5, -3.9, 971.8, 4, 4, -8.6
16.01.2024, -1.8, -4.2, -2.7, 968.8, 4, 0, -7.3
17.01.2024, -6.8, -15.8, -11.2, 982.5, 3, 1, -15.9
18.01.2024, 1.1, -21.0, -11.3, 983.7, 3, 14, -16
19.01.2024, 2.0, -8.7, -2.2, 978.2, 1, 6, -4.7
20.01.2024, -5.6, -8.7, -7.8, 990.0, 1, 0, -10.8
21.01.2024, -6.8, -12.2, -9.4, 1003.5, 1, 0, -12.6
22.01.2024, -6.0, -18.2, -11.0, 1008.7, 2, 0, -15
23.01.2024, -4.3, -9.8, -6.4, 998.9, 4, 0, -11.3
24.01.2024, -0.3, -4.8, -1.9, 989.9, 3, 2, -5.7
25.01.2024, -0.9, -2.7, -1.8, 979.6, 3, 2, -5.6
26.01.2024, -1.4, -3.9, -2.8, 985.2, 1, 2, -5.4
27.01.2024, -2.5, -4.7, -3.7, 993.4, 2, 0, -7
28.01.2024, -3.2, -4.7, -4.0, 1005.4, 1, 0, -6.7
29.01.2024, -3.6, -6.3, -4.6, 1010.1, 3, 1, -8.7
30.01.2024, -0.5, -4.2, -1.7, 1004.9, 3, 0, -5.4
31.01.2024, -0.9, -2.4, -1.8, 998.8, 2, 0, -4.9
01.02.2024, 1.2, -2.7, 0.2, 983.1, 3, 0, -3.4
02.02.2024, 1.4, -4.7, -0.9, 976.6, 4, 1, -5.4
03.02.2024, -1.1, -9.0, -3.8, 973.1, 2, 0, -7.2
04.02.2024, 2.9, -2.4, 0.9, 963.2, 4, 1, -3.3
05.02.2024, -0.1, -5.4, -2.4, 962.0, 1, 1, -5
06.02.2024, -0.9, -6.3, -3.8, 969.7, 2, 0, -7.2
07.02.2024, 0.5, -7.3, -3.7, 963.7, 3, 6, -7.7
08.02.2024, -5.4, -11.9, -8.8, 972.8, 3, 1, -13.3
09.02.2024, -6.3, -14.8, -10.9, 981.8, 2, 0, -14.9
10.02.2024, -6.2, -22.3, -14.0, 991.4, 1, 0, -17.6
11.02.2024, -4.8, -12.6, -7.0, 993.0, 3, 0, -11.4
12.02.2024, -0.2, -5.5, -1.8, 986.3, 2, 8, -4.9
13.02.2024, -0.3, -5.8, -3.2, 991.8, 1, 1, -5.8
14.02.2024, -7.2, -9.1, -8.3, 1000.4, 2, 5, -12.1
15.02.2024, -8.8, -10.3, -9.4, 1004.6, 3, 24, -13.9
16.02.2024, -6.6, -9.1, -8.1, 1007.9, 2, 1, -11.8
17.02.2024, -3.4, -8.5, -5.8, 1002.4, 3, 0, -10
18.02.2024, 1.7, -5.1, -2.0, 994.3, 3, 4, -5.9
19.02.2024, -1.1, -15.2, -6.6, 1002.2, 1, 0, -9.6
20.02.2024, -5.8, -20.1, -10.5, 1003.6, 1, 0, -13.8
21.02.2024, -4.2, -7.6, -5.1, 998.6, 3, 0, -9.3
22.02.2024, -2.3, -4.7, -3.4, 995.3, 3, 1, -7.4
23.02.2024, 1.2, -2.6, -0.8, 997.8, 3, 0, -4.4
24.02.2024, 1.2, -1.5, -0.3, 1003.9, 4, 0, -4.6
25.02.2024, 0.1, -3.1, -1.6, 1005.6, 4, 0, -6.2
26.02.2024, -1.6, -5.4, -3.7, 1003.8, 3, 0, -7.9
27.02.2024, -0.1, -6.0, -3.7, 1005.2, 2, 0, -7.2
28.02.2024, 2.3, -6.2, -1.4, 1004.2, 3, 0, -5.4
29.02.2024, 3.1, -3.1, 0.2, 1001.6, 3, 0, -3.7
01.03.2024, 2.0, -0.3, 0.7, 1002.7, 1, 0, -1.6
02.03.2024, 3.0, -9.3, -3.1, 1004.5, 1, 0, -5.8
03.03.2024, 3.5, -8.6, -2.1, 1005.9, 1, 0, -4.9
04.03.2024, 1.1, -6.5, -3.2, 1001.4, 1, 0, -6
05.03.2024, 1.8, -7.5, -2.9, 997.9, 1, 0, -5.6
06.03.2024, 0.4, -9.3, -4.1, 1001.7, 2, 0, -7.7
07.03.2024, 2.3, -13.8, -6.2, 999.1, 1, 0, -9.3
08.03.2024, -1.5, -12.4, -6.0, 990.7, 2, 0, -9.6
09.03.2024, -0.7, -8.3, -4.8, 991.8, 2, 0, -8.4
10.03.2024, -2.1, -11.8, -7.8, 995.0, 1, 0, -11
11.03.2024, 0.1, -16.9, -6.3, 1001.2, 2, 0, -10
12.03.2024, 4.3, -5.5, -0.9, 1001.0, 1, 0, -3.6
13.03.2024, 1.9, -11.3, -4.2, 1002.6, 1, 0, -7.1
14.03.2024, 3.6, -10.9, -2.6, 999.5, 2, 0, -6
15.03.2024, 5.6, -2.6, 1.7, 998.0, 2, 0, -1.2
16.03.2024, 6.5, -4.8, 0.7, 997.3, 1, 0, -1.7
17.03.2024, 2.3, -6.5, -0.5, 993.0, 1, 0, -2.9
18.03.2024, 4.7, 0.6, 2.1, 992.8, 1, 1, 0.1
19.03.2024, 4.5, -1.3, 1.4, 997.4, 2, 0, -1.5
20.03.2024, 6.1, -5.1, 0.1, 1000.1, 1, 0, -2.4
21.03.2024, 6.2, -6.8, -0.2, 999.9, 1, 0, -2.8
22.03.2024, 2.5, -8.6, -2.3, 993.5, 1, 0, -4.9
23.03.2024, 3.5, -2.7, 2.6, 981.2, 3, 3, -0.7
24.03.2024, 5.4, 2.9, 4.4, 977.2, 2, 3, 2.2
25.03.2024, 5.6, 1.1, 3.0, 981.2, 1, 1, 1
26.03.2024, 4.0, 0.6, 1.9, 985.3, 2, 1, -0.7
27.03.2024, 8.6, 0.9, 5.9, 990.1, 2, 0, 3.1
03.04.2024, 16.1, 8.8, 11.9, 972.6, 5, 1, 8.1
08.04.2024, 18.8, 4.7, 10.0, 995.4, 2, 0, 8.2
18.04.2024, 8.3, 5.2, 7.7, 978.9, 3, 8, 5.3
09.05.2024, 1.9, -1.6, 0.9, 995.1, 2, 1, -2.2
30.07.2024, 22.4, 14.5, 16.9, 975.0, 1, 2, 17.3
31.07.2024, 21.2, 13.2, 16.9, 979.7, 1, 10, 17.5
01.08.2024, 21.5, 13.0, 15.9, 979.9, 3, 8, 14.9
27.09.2024, 21.3, 14.4, 17.5, 991.6, 4, 0, 14.4
28.09.2024, 26.1, 15.8, 20.5, 990.2, 3, 1, 19.2
10.10.2024, 10.0, 7.3, 8.6, 989.8, 2, 1, 7
15.10.2024, 7.7, 0.1, 6.2, 990.3, 1, 4, 4.8
31.10.2024, 6.5, 1.3, 3.0, 983.8, 3, 6, -0.4
01.11.2024, 10.8, 1.2, 8.7, 966.0, 6, 8, 4.4
02.11.2024, 8.3, -3.2, 1.9, 974.4, 3, 7, -1.6
03.11.2024, 1.7, -3.4, -0.6, 988.0, 3, 1, -4.3
04.11.2024, -0.1, -2.1, -0.7, 978.5, 3, 7, -4.3
05.11.2024, -0.1, -3.0, -1.6, 992.9, 2, 0, -4.8
06.11.2024, 4.4, -3.7, 0.3, 994.1, 2, 1, -2.5
07.11.2024, 6.6, 0.6, 5.5, 998.3, 2, 1, 3.3
08.11.2024, 5.2, 3.3, 4.4, 1003.2, 3, 0, 1.4
09.11.2024, 6.0, 2.4, 3.8, 1004.3, 3, 0, 0.7
10.11.2024, 7.7, -2.1, 3.3, 1004.2, 1, 0, 1.4
11.11.2024, 0.7, -2.6, -0.4, 1007.2, 1, 0, -2.8
12.11.2024, 1.0, -1.1, -0.2, 1008.1, 1, 0, -2.6
13.11.2024, 1.1, -0.1, 0.5, 1003.0, 2, 0, -2.4
14.11.2024, 0.4, -0.6, -0.3, 992.8, 2, 1, -3.4
15.11.2024, 0.6, -1.1, -0.2, 984.5, 2, 7, -3.1
16.11.2024, 3.2, -1.4, 1.6, 984.2, 4, 1, -2.4
17.11.2024, 4.9, 2.5, 3.9, 981.1, 4, 0, 0.2
22.11.2024, 1.5, -1.0, 0.2, 984.7, 4, 3, -4.1
23.11.2024, 7.2, -0.2, 2.1, 977.8, 3, 15, -1.1
24.11.2024, 0.1, -2.7, -1.7, 998.4, 3, 0, -5.5
25.11.2024, -2.1, -5.6, -4.0, 1007.8, 1, 0, -6.8
26.11.2024, -5.1, -5.9, -5.7, 1004.2, 2, 0, -9.2
27.11.2024, -2.8, -5.9, -3.3, 998.9, 1, 0, -5.9
28.11.2024, -1.4, -3.3, -2.6, 997.0, 1, 1, -5.1
29.11.2024, 0.5, -3.0, -0.3, 1003.0, 1, 2, -2.5
30.11.2024, 0.4, -0.8, -0.1, 1006.8, 1, 1, -2.3
02.12.2024, 0.5, -0.8, -0.3, 1000.7, 3, 0, -3.9
03.12.2024, 0.3, -0.9, -0.3, 997.6, 3, 0, -3.9
04.12.2024, -1.3, -3.5, -2.6, 1001.6, 2, 1, -5.7
05.12.2024, -2.4, -6.9, -4.3, 1011.0, 2, 0, -7.7
06.12.2024, -3.4, -7.2, -4.8, 1009.9, 3, 0, -8.9
07.12.2024, -2.2, -4.2, -2.9, 1005.3, 3, 5, -6.8
08.12.2024, -2.4, -4.2, -3.2, 1004.5, 3, 0, -7.1
09.12.2024, -0.4, -3.6, -1.2, 1005.5, 1, 1, -3.5
10.12.2024, -0.6, -2.1, -1.6, 1003.1, 1, 1, -4
11.12.2024, -1.7, -4.1, -2.8, 991.5, 2, 0, -6
12.12.2024, -2.2, -4.7, -3.3, 983.0, 3, 1, -7.3
13.12.2024, -4.5, -9.3, -6.7, 987.0, 4, 3, -11.7
14.12.2024, -4.8, -11.2, -6.7, 989.1, 3, 2, -11
15.12.2024, -1.9, -5.7, -4.1, 975.4, 3, 1, -8.2
16.12.2024, 0.7, -3.9, -0.8, 967.1, 4, 3, -5.1
17.12.2024, 1.2, -1.6, 0.0, 966.6, 3, 1, -3.7
18.12.2024, -3.8, -13.7, -9.1, 980.0, 4, 1, -14.3
19.12.2024, -2.8, -17.2, -10.6, 985.4, 1, 1, -13.9
20.12.2024, 2.4, -7.6, 1.7, 979.2, 3, 0, -1.6
21.12.2024, 2.7, -0.6, 1.1, 986.2, 3, 1, -2.4
22.12.2024, -0.4, -2.8, -1.3, 988.4, 2, 0, -4.5
23.12.2024, 0.6, -3.1, -0.4, 989.2, 1, 1, -2.7
24.12.2024, 1.0, 0.2, 0.5, 995.6, 0, 0, -1
25.12.2024, 0.4, -1.5, -0.4, 1004.4, 2, 0, -3.3
26.12.2024, 0.1, -1.7, -0.7, 1007.1, 2, 0, -3.7
27.12.2024, 0.2, -0.8, -0.3, 1004.5, 1, 0, -2.5
28.12.2024, -0.7, -1.7, -1.1, 1002.2, 1, 0, -3.4
29.12.2024, -0.1, -1.3, -0.7, 997.8, 2, 0, -3.6
30.12.2024, 0.4, -1.2, -0.7, 988.8, 4, 0, -4.9
31.12.2024, 2.1, -0.6, 0.7, 984.2, 3, 1, -2.8